epoch,loss,td_loss,avg_reward,episode_length,epsilon,q_value_mean,replay_size,target_sync_count,elapsed_seconds,eta_seconds,progress_percent,num_samples,method,candidate_source,training_mode
1,0.0,0.0,-8.0,8.0,0.9392,0.0,64.0,0.0,54.117311239242554,1028.2289135456085,5.0,0,rlcg,pomo,dqn
2,503.2969696044922,503.2969696044922,-8.0,8.0,0.8784,-35.11194046214223,128.0,0.0,109.81882214546204,988.3693993091583,10.0,0,rlcg,pomo,dqn
3,248.84625549316405,248.84625549316405,-4.867546607514601,8.0,0.8176,-27.293811792880298,192.0,0.0,155.40979552268982,880.655507961909,15.0,0,rlcg,pomo,dqn
4,176.49175567626952,176.49175567626952,-8.0,8.0,0.7568,-22.710127861797808,256.0,0.0,197.15276265144348,788.6110506057739,20.0,0,rlcg,pomo,dqn
5,132.55829620361328,132.55829620361328,-6.519029526015499,7.625,0.69885,-19.148376635089516,317.0,0.0,245.9863142967224,737.9589428901672,25.0,0,rlcg,pomo,dqn
6,130.11773300170898,130.11773300170898,-4.571570192943712,8.0,0.63805,-17.528950149938463,381.0,1.0,341.23222041130066,796.208514293035,30.0,0,rlcg,pomo,dqn
7,169.21398468017577,169.21398468017577,-7.5,7.5,0.5810500000000001,-17.370481855794786,441.0,1.0,384.38840079307556,713.8641729014262,35.0,0,rlcg,pomo,dqn
8,71.11441497802734,71.11441497802734,-7.375,7.375,0.525,-12.272795599512756,500.0,1.0,425.2950668334961,637.9426002502441,40.0,0,rlcg,pomo,dqn
9,62.44109001159668,62.44109001159668,-2.8856324215485802,7.5,0.46799999999999997,-10.597451696149074,560.0,1.0,467.22470021247864,571.0524113708072,45.0,0,rlcg,pomo,dqn
10,61.83039436340332,61.83039436340332,-2.378424905834354,7.625,0.41005,-7.729268625658006,621.0,1.0,526.2075736522675,526.2075736522675,50.0,0,rlcg,pomo,dqn
11,57.70333290100098,57.70333290100098,-3.2329191646201387,7.5,0.35305,-7.573351278924383,681.0,2.0,572.3671579360962,468.30040194771505,55.00000000000001,0,rlcg,pomo,dqn
12,79.18986206054687,79.18986206054687,-2.3404557818621035,8.0,0.29225,-8.92210550850723,745.0,2.0,615.7295694351196,410.4863796234131,60.0,0,rlcg,pomo,dqn
13,52.4664421081543,52.4664421081543,-4.704626107500962,7.5,0.23524999999999996,-6.587135303183459,805.0,2.0,657.147049665451,353.8484113583197,65.0,0,rlcg,pomo,dqn
14,33.31376390457153,33.31376390457153,-0.3854830471685782,7.5,0.17825000000000002,-3.9150594003731385,865.0,2.0,698.3940215110779,299.31172350474776,70.0,0,rlcg,pomo,dqn
15,35.88366756439209,35.88366756439209,-3.675583905780972,7.625,0.12029999999999996,-2.7789221190148963,926.0,2.0,783.7549040317535,261.2516346772511,75.0,0,rlcg,pomo,dqn
16,29.073027992248534,29.073027992248534,-3.776263308063931,7.625,0.062350000000000017,-3.4457308356650174,987.0,3.0,843.213695526123,210.80342388153076,80.0,0,rlcg,pomo,dqn
17,54.54920597076416,54.54920597076416,-4.731220650989039,7.625,0.050000000000000044,-4.310922562982887,1048.0,3.0,885.9884965419769,156.35091115446653,85.0,0,rlcg,pomo,dqn
18,43.577592086791995,43.577592086791995,-0.5104830471685782,7.625,0.050000000000000044,-2.650572882848792,1109.0,3.0,928.6839945316315,103.18711050351453,90.0,0,rlcg,pomo,dqn
19,29.473713207244874,29.473713207244874,-2.5570411906496604,7.625,0.050000000000000044,-0.7379794798325747,1170.0,3.0,992.0466651916504,52.21298237850806,95.0,0,rlcg,pomo,dqn
20,36.32635545730591,36.32635545730591,-0.5104830471685782,7.625,0.050000000000000044,-0.433132482599467,1231.0,3.0,1037.1094725131989,0.0,100.0,0,rlcg,pomo,dqn
21,0.0,0.0,-8.0,8.0,0.9392,0.0,64.0,0.0,39.76316285133362,7912.86940741539,0.5,0,rlcg,pomo,dqn
22,39.67122192382813,39.67122192382813,-8.0,8.0,0.8784,-2.697804628685117,128.0,0.0,82.04198551177979,8122.156565666199,1.0,0,rlcg,pomo,dqn
23,26.050077056884767,26.050077056884767,-4.821887842501682,7.5,0.8214,0.6615941882831976,188.0,0.0,121.62545275688171,7986.7380643685665,1.5,0,rlcg,pomo,dqn
24,28.568417167663576,28.568417167663576,-8.0,8.0,0.7605999999999999,1.193609557277523,252.0,0.0,154.6520218849182,7577.949072360992,2.0,0,rlcg,pomo,dqn
25,26.167613220214843,26.167613220214843,-1.2991704237590005,7.375,0.70455,-0.24594973681960255,311.0,0.0,186.44856190681458,7271.493914365768,2.5,0,rlcg,pomo,dqn
26,32.145792388916014,32.145792388916014,-2.9671028870565985,7.5,0.6475500000000001,0.5417232730425894,371.0,1.0,218.42283630371094,7062.338373819987,3.0,0,rlcg,pomo,dqn
27,39.27775993347168,39.27775993347168,-2.1294083183008983,7.75,0.58865,1.7036498041590675,433.0,1.0,252.75375318527222,6968.782052108219,3.5000000000000004,0,rlcg,pomo,dqn
28,31.33992404937744,31.33992404937744,-2.519225331822385,8.0,0.52785,3.445235438644886,497.0,1.0,282.7927174568176,6787.025218963623,4.0,0,rlcg,pomo,dqn
29,40.296803092956544,40.296803092956544,-3.285414413829452,7.625,0.4699,4.850915374932811,558.0,1.0,314.68558073043823,6678.327324390411,4.5,0,rlcg,pomo,dqn
30,38.23885993957519,38.23885993957519,-2.0006123199479626,7.5,0.41290000000000004,4.8210346039850265,618.0,1.0,346.776638507843,6588.756131649017,5.0,0,rlcg,pomo,dqn
31,34.211437129974364,34.211437129974364,-3.2737573895007412,8.0,0.35209999999999997,3.640634616278112,682.0,2.0,377.6451141834259,6488.62968915159,5.5,0,rlcg,pomo,dqn
32,30.86095428466797,30.86095428466797,-3.130892566024144,7.625,0.29415,3.306868730019778,743.0,2.0,410.29096126556396,6427.891726493835,6.0,0,rlcg,pomo,dqn
33,31.969958305358887,31.969958305358887,-2.3486561914374677,7.5,0.23714999999999997,5.1363121660193425,803.0,2.0,442.313054561615,6362.503169463231,6.5,0,rlcg,pomo,dqn
34,33.25742416381836,33.25742416381836,-2.9647826876755996,7.625,0.17920000000000003,5.45389833888039,864.0,2.0,474.9798607826233,6310.44672182628,7.000000000000001,0,rlcg,pomo,dqn
35,34.053215980529785,34.053215980529785,-1.8015271593536983,7.625,0.12124999999999997,4.129725202475674,925.0,2.0,508.4751615524292,6271.193659146627,7.5,0,rlcg,pomo,dqn
36,31.157415103912353,31.157415103912353,-2.3967753734550428,7.625,0.06330000000000002,5.390492851589807,986.0,3.0,542.1516168117523,6234.743593335152,8.0,0,rlcg,pomo,dqn
37,27.899333000183105,27.899333000183105,-1.8015271593536983,7.625,0.050000000000000044,5.180413517798297,1047.0,3.0,575.9676167964935,6200.121992574018,8.5,0,rlcg,pomo,dqn
38,33.82471542358398,33.82471542358398,-1.8015271593536983,7.625,0.050000000000000044,5.035241914214566,1108.0,3.0,609.4324688911438,6162.039407677121,9.0,0,rlcg,pomo,dqn
39,30.297301006317138,30.297301006317138,-1.8015271593536983,7.625,0.050000000000000044,5.4937678530579435,1169.0,3.0,643.1899580955505,6127.230653436561,9.5,0,rlcg,pomo,dqn
40,23.060160827636718,23.060160827636718,-1.6765271593536983,7.5,0.050000000000000044,5.672336976020597,1229.0,3.0,676.7807731628418,6091.026958465576,10.0,0,rlcg,pomo,dqn
41,25.954024600982667,25.954024600982667,-1.8015271593536983,7.625,0.050000000000000044,5.05216273101978,1290.0,4.0,710.42356133461,6055.515118042628,10.5,0,rlcg,pomo,dqn
42,24.74284896850586,24.74284896850586,-1.8015271593536983,7.625,0.050000000000000044,5.0894434149609875,1351.0,4.0,743.9522130489349,6019.249723759564,11.0,0,rlcg,pomo,dqn
43,28.234387111663818,28.234387111663818,-1.8015271593536983,7.625,0.050000000000000044,5.419567871280014,1412.0,4.0,777.4946932792664,5983.328726540441,11.5,0,rlcg,pomo,dqn
44,31.94808406829834,31.94808406829834,-1.5341667095276232,7.625,0.050000000000000044,4.613308561872691,1473.0,4.0,813.7466697692871,5967.4755783081055,12.0,0,rlcg,pomo,dqn
45,23.4628954410553,23.4628954410553,-5.121947829451683,7.625,0.050000000000000044,4.669525875733234,1534.0,4.0,848.2609276771545,5937.826493740082,12.5,0,rlcg,pomo,dqn
46,21.652626609802248,21.652626609802248,-1.8015271593536983,7.625,0.050000000000000044,4.4046954936813565,1595.0,5.0,883.2735288143158,5911.138231295806,13.0,0,rlcg,pomo,dqn
47,26.358055067062377,26.358055067062377,-1.1122531817778887,7.625,0.050000000000000044,4.09124895662535,1656.0,5.0,917.733250617981,5880.29082803373,13.5,0,rlcg,pomo,dqn
48,24.579203510284422,24.579203510284422,-1.8015271593536983,7.625,0.050000000000000044,3.947783427475952,1717.0,5.0,952.8665812015533,5853.323284523827,14.000000000000002,0,rlcg,pomo,dqn
49,21.858428525924683,21.858428525924683,-1.8015271593536983,7.625,0.050000000000000044,3.9393787557724864,1778.0,5.0,988.4972791671753,5828.725335778861,14.499999999999998,0,rlcg,pomo,dqn
50,20.40981364250183,20.40981364250183,-2.0351657029989525,7.75,0.050000000000000044,3.9221761550987138,1840.0,5.0,1022.814855337143,5795.950846910477,15.0,0,rlcg,pomo,dqn
51,21.785622215270998,21.785622215270998,-3.6341245135695535,7.625,0.050000000000000044,4.249939218373038,1901.0,6.0,1058.4284451007843,5770.142168452663,15.5,0,rlcg,pomo,dqn
52,12.020924282073974,12.020924282073974,-3.1002334266087077,7.625,0.050000000000000044,3.7247100272215903,1962.0,6.0,1092.551994562149,5735.8979714512825,16.0,0,rlcg,pomo,dqn
53,21.295638751983642,21.295638751983642,-2.3469389513295695,7.625,0.050000000000000044,3.5379256170243023,2023.0,6.0,1126.8126068115234,5702.354707197709,16.5,0,rlcg,pomo,dqn
54,16.42250564098358,16.42250564098358,-2.3469389513295695,7.625,0.050000000000000044,4.18992388357874,2084.0,6.0,1161.2111177444458,5669.442516046412,17.0,0,rlcg,pomo,dqn
55,20.87896008491516,20.87896008491516,-2.7219389513295695,8.0,0.050000000000000044,3.699499750928953,2148.0,6.0,1193.0020680427551,5624.152606487274,17.5,0,rlcg,pomo,dqn
56,20.344847249984742,20.344847249984742,-2.3469389513295695,7.625,0.050000000000000044,3.746488272747956,2209.0,7.0,1225.1038463115692,5581.028633197149,18.0,0,rlcg,pomo,dqn
57,15.838191056251526,15.838191056251526,-2.3469389513295695,7.625,0.050000000000000044,3.0752971580950543,2270.0,7.0,1257.3495438098907,5539.134476784114,18.5,0,rlcg,pomo,dqn
58,11.57262852191925,11.57262852191925,-3.5013199024626243,7.625,0.050000000000000044,2.736342585925013,2331.0,7.0,1288.6188127994537,5493.5854650924075,19.0,0,rlcg,pomo,dqn
59,18.951115942001344,18.951115942001344,-2.914936903243933,7.625,0.050000000000000044,3.671836263407022,2392.0,7.0,1320.5846571922302,5451.644354049976,19.5,0,rlcg,pomo,dqn
60,13.218527460098267,13.218527460098267,-2.914936903243933,7.625,0.050000000000000044,3.0438824988901616,2453.0,7.0,1352.8164048194885,5411.265619277954,20.0,0,rlcg,pomo,dqn
61,19.115611267089843,19.115611267089843,-2.914936903243933,7.625,0.050000000000000044,2.9558260957710445,2514.0,8.0,1385.018498659134,5371.169299678105,20.5,0,rlcg,pomo,dqn
62,21.98606240749359,21.98606240749359,-2.914936903243933,7.625,0.050000000000000044,4.1026930012041705,2575.0,8.0,1416.6211116313934,5329.193705660957,21.0,0,rlcg,pomo,dqn
63,22.657470560073854,22.657470560073854,-2.914936903243933,7.625,0.050000000000000044,3.6288902742555367,2636.0,8.0,1448.38458943367,5288.2879195601445,21.5,0,rlcg,pomo,dqn
64,20.05052309036255,20.05052309036255,-2.789936903243933,7.5,0.050000000000000044,3.3545608822256328,2696.0,8.0,1479.0620427131653,5243.947242346677,22.0,0,rlcg,pomo,dqn
65,19.758627223968507,19.758627223968507,-2.914936903243933,7.625,0.050000000000000044,3.754398547206074,2757.0,8.0,1510.802119255066,5203.873966323004,22.5,0,rlcg,pomo,dqn
66,19.822207045555114,19.822207045555114,-2.914936903243933,7.625,0.050000000000000044,2.981097542331554,2818.0,9.0,1542.377940416336,5163.613104872082,23.0,0,rlcg,pomo,dqn
67,16.258877539634703,16.258877539634703,-3.5315523046908184,7.625,0.050000000000000044,2.791911137918942,2879.0,9.0,1573.9131948947906,5123.589762104319,23.5,0,rlcg,pomo,dqn
68,20.43515567779541,20.43515567779541,-2.914936903243933,7.625,0.050000000000000044,2.4443700511474162,2940.0,9.0,1605.4391198158264,5083.89054608345,24.0,0,rlcg,pomo,dqn
69,21.232694101333617,21.232694101333617,-0.3920868972360081,7.625,0.050000000000000044,3.5987254432635383,3001.0,9.0,1637.7722837924957,5047.012548013609,24.5,0,rlcg,pomo,dqn
70,25.172598361968994,25.172598361968994,-3.5013199024626243,7.625,0.050000000000000044,2.978697053832002,3062.0,9.0,1669.4616975784302,5008.3850927352905,25.0,0,rlcg,pomo,dqn
71,10.694372177124023,10.694372177124023,-1.992882683148287,7.5,0.050000000000000044,2.640671347104944,3122.0,10.0,1700.4071967601776,4967.8563199464015,25.5,0,rlcg,pomo,dqn
72,19.202914810180665,19.202914810180665,-1.992882683148287,7.5,0.050000000000000044,2.419022454274818,3182.0,10.0,1731.8696138858795,4929.167362598272,26.0,0,rlcg,pomo,dqn
73,16.204730486869813,16.204730486869813,-2.117882683148287,7.625,0.050000000000000044,1.7483553478959948,3243.0,10.0,1764.9893507957458,4895.347822018389,26.5,0,rlcg,pomo,dqn
74,13.729656219482422,13.729656219482422,-1.4885833497697192,7.625,0.050000000000000044,1.8569970589363947,3304.0,10.0,1796.9189479351044,4858.336414787504,27.0,0,rlcg,pomo,dqn
75,27.67555968761444,27.67555968761444,-1.5388487715193566,7.625,0.050000000000000044,2.7785980633692815,3365.0,10.0,1829.038073539734,4822.009466604753,27.500000000000004,0,rlcg,pomo,dqn
76,16.226833367347716,16.226833367347716,-2.117882683148287,7.625,0.050000000000000044,2.2653371744323523,3426.0,11.0,1861.838688135147,4787.585198061806,28.000000000000004,0,rlcg,pomo,dqn
77,15.59546320438385,15.59546320438385,-2.117882683148287,7.625,0.050000000000000044,1.7775081772357226,3487.0,11.0,1893.8458750247955,4751.227370676242,28.499999999999996,0,rlcg,pomo,dqn
78,15.34421103000641,15.34421103000641,-2.117882683148287,7.625,0.050000000000000044,1.5083750747609883,3548.0,11.0,1925.955932855606,4715.2714218188985,28.999999999999996,0,rlcg,pomo,dqn
79,23.303194856643678,23.303194856643678,-2.117882683148287,7.625,0.050000000000000044,1.7121711668791249,3609.0,11.0,1958.7282569408417,4681.028546248453,29.5,0,rlcg,pomo,dqn
80,15.170609498023987,15.170609498023987,-2.9451243804785885,7.625,0.050000000000000044,1.6208948076469825,3670.0,11.0,1990.8591601848602,4645.338040431341,30.0,0,rlcg,pomo,dqn
81,21.85034523010254,21.85034523010254,-2.117882683148287,7.625,0.050000000000000044,1.7774579618126154,3731.0,12.0,2022.8392419815063,4609.420567793924,30.5,0,rlcg,pomo,dqn
82,23.09162836074829,23.09162836074829,-1.992882683148287,7.5,0.050000000000000044,1.731551971565932,3791.0,12.0,2053.529981136322,4570.7602805937495,31.0,0,rlcg,pomo,dqn
83,14.435195446014404,14.435195446014404,-2.117882683148287,7.625,0.050000000000000044,1.4793527384521439,3852.0,12.0,2086.5978949069977,4537.522406385058,31.5,0,rlcg,pomo,dqn
84,23.232244968414307,23.232244968414307,-2.117882683148287,7.625,0.050000000000000044,1.119521666923538,3913.0,12.0,2118.436730861664,4501.678053081036,32.0,0,rlcg,pomo,dqn
85,18.58130226135254,18.58130226135254,-2.117882683148287,7.625,0.050000000000000044,1.5317609840538353,3974.0,12.0,2150.8143231868744,4467.075902003508,32.5,0,rlcg,pomo,dqn
86,17.297402834892274,17.297402834892274,-2.202878635251855,7.625,0.050000000000000044,1.17538921283558,4035.0,13.0,2183.91663813591,4434.012568336544,33.0,0,rlcg,pomo,dqn
87,12.614078688621522,12.614078688621522,-2.117882683148287,7.625,0.050000000000000044,1.1463883835822344,4096.0,13.0,2216.3816995620728,4399.683075250085,33.5,0,rlcg,pomo,dqn
88,25.1010799407959,25.1010799407959,-1.9118085046974196,7.5,0.050000000000000044,1.4126355771441013,4156.0,13.0,2247.490469455719,4362.775617178748,34.0,0,rlcg,pomo,dqn
89,16.383732652664186,16.383732652664186,-2.117882683148287,7.625,0.050000000000000044,1.699601737037301,4217.0,13.0,2279.5223269462585,4327.788765651593,34.5,0,rlcg,pomo,dqn
90,15.316658353805542,15.316658353805542,-2.117882683148287,7.625,0.050000000000000044,1.2328686077846214,4278.0,13.0,2313.4462814331055,4296.400236947196,35.0,0,rlcg,pomo,dqn
91,8.244500875473022,8.244500875473022,-2.117882683148287,7.625,0.050000000000000044,1.3998159234877676,4339.0,14.0,2346.9583456516266,4264.191923789575,35.5,0,rlcg,pomo,dqn
92,10.15761091709137,10.15761091709137,-2.117882683148287,7.625,0.050000000000000044,1.0859677005559205,4400.0,14.0,2379.7896497249603,4230.737155066597,36.0,0,rlcg,pomo,dqn
93,27.944428157806396,27.944428157806396,-2.117882683148287,7.625,0.050000000000000044,0.8818807221250609,4461.0,14.0,2413.2490754127502,4198.392227087936,36.5,0,rlcg,pomo,dqn
94,21.82457842826843,21.82457842826843,-2.4953504934220883,7.625,0.050000000000000044,1.3557719886768609,4522.0,14.0,2446.277064561844,4165.282569389085,37.0,0,rlcg,pomo,dqn
95,16.28056321144104,16.28056321144104,-2.771498336305635,7.625,0.050000000000000044,0.9232511459384114,4583.0,14.0,2479.868726491928,4133.1145441532135,37.5,0,rlcg,pomo,dqn
96,18.62881784439087,18.62881784439087,-2.9451243804785885,7.625,0.050000000000000044,1.6312849519774317,4644.0,15.0,2512.1952180862427,4098.844829509133,38.0,0,rlcg,pomo,dqn
97,18.571725273132323,18.571725273132323,-2.9451243804785885,7.625,0.050000000000000044,1.491325315996073,4705.0,15.0,2545.0572295188904,4065.4810289717334,38.5,0,rlcg,pomo,dqn
98,7.29361879825592,7.29361879825592,-2.9451243804785885,7.625,0.050000000000000044,1.3787887782324106,4766.0,15.0,2579.4082520008087,4034.4590608217777,39.0,0,rlcg,pomo,dqn
99,8.37061266899109,8.37061266899109,-2.9451243804785885,7.625,0.050000000000000044,1.1436853117309511,4827.0,15.0,2611.950212955475,4000.58197174193,39.5,0,rlcg,pomo,dqn
100,14.711253309249878,14.711253309249878,-2.9451243804785885,7.625,0.050000000000000044,1.28458401535172,4888.0,15.0,2644.7476217746735,3967.12143266201,40.0,0,rlcg,pomo,dqn
101,19.51874257326126,19.51874257326126,-2.9451243804785885,7.625,0.050000000000000044,1.1266657292842865,4949.0,16.0,2677.8124721050262,3934.0701750678772,40.5,0,rlcg,pomo,dqn
102,12.627084016799927,12.627084016799927,-2.9451243804785885,7.625,0.050000000000000044,0.9733471238752827,5000.0,16.0,2710.3976435661316,3900.3283163512633,41.0,0,rlcg,pomo,dqn
103,23.41078007221222,23.41078007221222,-2.9451243804785885,7.625,0.050000000000000044,0.9727768016513437,5000.0,16.0,2743.4852480888367,3867.3225786312523,41.5,0,rlcg,pomo,dqn
104,20.35315625667572,20.35315625667572,-2.5956924024299575,7.625,0.050000000000000044,1.3811384808737786,5000.0,16.0,2776.687377691269,3834.4730453831808,42.0,0,rlcg,pomo,dqn
105,30.77444088459015,30.77444088459015,-2.9451243804785885,7.625,0.050000000000000044,1.446935260668397,5000.0,16.0,2809.669192314148,3801.317142542671,42.5,0,rlcg,pomo,dqn
106,16.388926100730895,16.388926100730895,-3.0701243804785885,7.75,0.050000000000000044,1.2936818598769606,5000.0,17.0,2842.9970376491547,3768.623980139577,43.0,0,rlcg,pomo,dqn
107,22.56867918968201,22.56867918968201,-2.9451243804785885,7.625,0.050000000000000044,1.1777700613019988,5000.0,17.0,2877.725677251816,3737.735649763853,43.5,0,rlcg,pomo,dqn
108,15.537489938735963,15.537489938735963,-2.9451243804785885,7.625,0.050000000000000044,0.8100869952235371,5000.0,17.0,2910.862380027771,3704.733938217163,44.0,0,rlcg,pomo,dqn
109,19.714930248260497,19.714930248260497,-2.9451243804785885,7.625,0.050000000000000044,0.8591961780795827,5000.0,17.0,2943.1220960617065,3670.6354231780833,44.5,0,rlcg,pomo,dqn
110,21.463166642189027,21.463166642189027,-3.5013199024626243,7.625,0.050000000000000044,1.3002461310476066,5000.0,17.0,2976.422784090042,3637.850069443384,45.0,0,rlcg,pomo,dqn
111,11.350271940231323,11.350271940231323,-2.914936903243933,7.625,0.050000000000000044,1.0610057345125825,5000.0,18.0,3009.642357826233,3604.95623080285,45.5,0,rlcg,pomo,dqn
112,21.28366973400116,21.28366973400116,-3.5545003938661464,7.75,0.050000000000000044,0.6798895186046139,5000.0,18.0,3042.982896089554,3572.1973128007803,46.0,0,rlcg,pomo,dqn
113,19.691447496414185,19.691447496414185,-3.5013199024626243,7.625,0.050000000000000044,0.5953792087268084,5000.0,18.0,3076.721381187439,3539.883739645763,46.5,0,rlcg,pomo,dqn
114,7.613234639167786,7.613234639167786,-2.914936903243933,7.625,0.050000000000000044,0.3722381641389802,5000.0,18.0,3109.8133466243744,3506.8107951296142,47.0,0,rlcg,pomo,dqn
115,27.291703057289123,27.291703057289123,-2.9149369032439374,7.625,0.050000000000000044,0.4020652325823903,5000.0,18.0,3144.070416212082,3475.025196865986,47.5,0,rlcg,pomo,dqn
116,17.241099095344545,17.241099095344545,-2.914936903243933,7.625,0.050000000000000044,1.046995334420353,5000.0,19.0,3177.077022075653,3441.833440581958,48.0,0,rlcg,pomo,dqn
117,13.795826435089111,13.795826435089111,-3.7371449614139944,7.5,0.050000000000000044,0.361315636523068,5000.0,19.0,3210.120677947998,3408.6848435942666,48.5,0,rlcg,pomo,dqn
118,21.00194193124771,21.00194193124771,-3.859528126567807,7.625,0.050000000000000044,0.5028055561473593,5000.0,19.0,3244.337191581726,3376.7591177687355,49.0,0,rlcg,pomo,dqn
119,13.383878612518311,13.383878612518311,-2.914936903243933,7.625,0.050000000000000044,0.40862577632069585,5000.0,19.0,3277.7978444099426,3344.0159826808504,49.5,0,rlcg,pomo,dqn
120,8.843579483032226,8.843579483032226,-2.914936903243933,7.625,0.050000000000000044,0.6671212474815548,5000.0,19.0,3311.0226373672485,3311.0226373672485,50.0,0,rlcg,pomo,dqn
121,28.945219945907592,28.945219945907592,-3.039936903243933,7.75,0.050000000000000044,0.5538698581513017,5000.0,20.0,3344.006805419922,3277.788848876953,50.5,0,rlcg,pomo,dqn
122,23.4717796087265,23.4717796087265,-0.6020967002998034,7.625,0.050000000000000044,0.28882736403029413,5000.0,20.0,3376.5785715579987,3244.1637256145477,51.0,0,rlcg,pomo,dqn
123,13.592928898334502,13.592928898334502,-1.7872059467489683,7.625,0.050000000000000044,0.4245595505228266,5000.0,20.0,3409.878436088562,3211.244740782432,51.5,0,rlcg,pomo,dqn
124,14.601935935020446,14.601935935020446,-4.474137179714356,7.625,0.050000000000000044,0.007043489115312695,5000.0,20.0,3443.9487659931183,3179.0296301474937,52.0,0,rlcg,pomo,dqn
125,38.902457404136655,38.902457404136655,-2.789936903243933,7.5,0.050000000000000044,0.35814020754769443,5000.0,20.0,3477.03875374794,3145.8922057719456,52.5,0,rlcg,pomo,dqn
126,14.364877676963806,14.364877676963806,-2.914936903243933,7.625,0.050000000000000044,0.38292985756415876,5000.0,21.0,3509.9352016448975,3112.584046741701,53.0,0,rlcg,pomo,dqn
127,23.16126720905304,23.16126720905304,-2.4682570184604353,7.5,0.050000000000000044,0.07747389008291065,5000.0,21.0,3541.4799637794495,3078.108753565315,53.5,0,rlcg,pomo,dqn
128,18.98066282272339,18.98066282272339,-1.8095363968496452,7.5,0.050000000000000044,0.4210161354625598,5000.0,21.0,3573.570480823517,3044.1526318126253,54.0,0,rlcg,pomo,dqn
129,21.656218123435973,21.656218123435973,-2.4682570184604353,7.5,0.050000000000000044,0.19663735530339183,5000.0,21.0,3605.8897004127502,3010.421676491378,54.50000000000001,0,rlcg,pomo,dqn
130,11.048562133312226,11.048562133312226,-1.7183871168324174,7.5,0.050000000000000044,0.0008353960234671831,5000.0,21.0,3638.178441286087,2976.691451961344,55.00000000000001,0,rlcg,pomo,dqn
131,23.91654978990555,23.91654978990555,-2.4682570184604353,7.5,0.050000000000000044,-0.027752180071547627,5000.0,22.0,3670.6224796772003,2943.111717939376,55.50000000000001,0,rlcg,pomo,dqn
132,7.084268164634705,7.084268164634705,-2.4682570184604353,7.5,0.050000000000000044,0.4141630007885396,5000.0,22.0,3702.0056145191193,2908.7186971221645,56.00000000000001,0,rlcg,pomo,dqn
133,17.634984862804412,17.634984862804412,-2.7972928618384416,7.625,0.050000000000000044,0.15527096458245068,5000.0,22.0,3735.208477497101,2875.7799782499806,56.49999999999999,0,rlcg,pomo,dqn
134,30.80677149295807,30.80677149295807,-2.5771510573047074,7.625,0.050000000000000044,0.683539972663857,5000.0,22.0,3768.3459808826447,2842.787318911469,56.99999999999999,0,rlcg,pomo,dqn
135,4.572657835483551,4.572657835483551,-2.4682570184604353,7.5,0.050000000000000044,0.29744768850505354,5000.0,22.0,3800.5485229492188,2809.101082179858,57.49999999999999,0,rlcg,pomo,dqn
136,21.352193784713744,21.352193784713744,-1.8265802845277186,7.625,0.050000000000000044,-0.2796812584158033,5000.0,23.0,3833.723111152649,2776.14432186916,57.99999999999999,0,rlcg,pomo,dqn
137,17.442639684677125,17.442639684677125,-2.5932570184604353,7.625,0.050000000000000044,0.7358252996345982,5000.0,23.0,3867.4327375888824,2743.563395041686,58.5,0,rlcg,pomo,dqn
138,16.859723007678987,16.859723007678987,-2.4682570184604353,7.5,0.050000000000000044,0.5873722791206092,5000.0,23.0,3899.487499475479,2709.81334709313,59.0,0,rlcg,pomo,dqn
139,18.434379410743713,18.434379410743713,-1.9877571655362454,7.625,0.050000000000000044,0.28915094982367007,5000.0,23.0,3933.5627267360687,2677.467066097661,59.5,0,rlcg,pomo,dqn
140,17.30869938135147,17.30869938135147,-4.713943983933762,7.625,0.050000000000000044,0.18156950185075402,5000.0,23.0,3967.5849606990814,2645.056640466055,60.0,0,rlcg,pomo,dqn
141,15.75129430294037,15.75129430294037,-2.5932570184604353,7.625,0.050000000000000044,0.24785466415341945,5000.0,24.0,4000.862528324127,2612.1333862612073,60.5,0,rlcg,pomo,dqn
142,9.217928647994995,9.217928647994995,-2.444864465258677,7.625,0.050000000000000044,-0.1625974385300651,5000.0,24.0,4034.1177186965942,2579.190016871593,61.0,0,rlcg,pomo,dqn
143,21.24616904258728,21.24616904258728,-2.2743628452800904,7.625,0.050000000000000044,0.13309646893758326,5000.0,24.0,4067.067953109741,2546.0506698329273,61.5,0,rlcg,pomo,dqn
144,32.7291018486023,32.7291018486023,-2.2743628452800904,7.625,0.050000000000000044,0.14801604740787297,5000.0,24.0,4099.667605876923,2512.6995003761785,62.0,0,rlcg,pomo,dqn
145,23.256046223640443,23.256046223640443,-2.4682570184604353,7.5,0.050000000000000044,0.5458195342915133,5000.0,24.0,4131.981202840805,2479.188721704483,62.5,0,rlcg,pomo,dqn
146,11.203749895095825,11.203749895095825,-3.108947454071983,7.5,0.050000000000000044,0.026772893429733814,5000.0,25.0,4164.212979793549,2445.6488928946237,63.0,0,rlcg,pomo,dqn
147,10.70059792995453,10.70059792995453,-2.5932570184604353,7.625,0.050000000000000044,-0.6539880010532215,5000.0,25.0,4198.185416698456,2413.130200149506,63.5,0,rlcg,pomo,dqn
148,13.281113481521606,13.281113481521606,-2.5084003475867576,7.625,0.050000000000000044,-0.4990709726465866,5000.0,25.0,4231.097904682159,2379.9925713837147,64.0,0,rlcg,pomo,dqn
149,19.14287884235382,19.14287884235382,-3.2237588200065064,7.625,0.050000000000000044,-0.7325648042373359,5000.0,25.0,4265.0033321380615,2347.4049347426535,64.5,0,rlcg,pomo,dqn
150,21.840908992290498,21.840908992290498,-2.2743628452800904,7.625,0.050000000000000044,-0.7706312358146533,5000.0,25.0,4298.0873963832855,2314.3547518986916,65.0,0,rlcg,pomo,dqn
151,10.519436419010162,10.519436419010162,-2.1748647455895247,7.625,0.050000000000000044,-0.8641003193333745,5000.0,26.0,4330.969407081604,2281.1976266307684,65.5,0,rlcg,pomo,dqn
152,26.06045732498169,26.06045732498169,-2.2743628452800904,7.625,0.050000000000000044,-0.395466346363537,5000.0,26.0,4364.160509824753,2248.2038990006304,66.0,0,rlcg,pomo,dqn
153,18.41648111343384,18.41648111343384,-0.8854542359314728,7.625,0.050000000000000044,-0.5693423890974373,5000.0,26.0,4398.227228164673,2215.6483029100227,66.5,0,rlcg,pomo,dqn
154,12.552797925472259,12.552797925472259,-2.2743628452800904,7.625,0.050000000000000044,-1.1546716064913198,5000.0,26.0,4430.945822715759,2182.4061514868663,67.0,0,rlcg,pomo,dqn
155,29.27460033893585,29.27460033893585,-2.2743628452800904,7.625,0.050000000000000044,-0.6815058572683483,5000.0,26.0,4463.411946058273,2149.0501962502794,67.5,0,rlcg,pomo,dqn
156,13.182740521430969,13.182740521430969,-2.1807037120436465,7.625,0.050000000000000044,-0.723810062976554,5000.0,27.0,4496.797163724899,2116.1398417528935,68.0,0,rlcg,pomo,dqn
157,17.212715435028077,17.212715435028077,-3.2251171728754793,7.5,0.050000000000000044,-0.46787097256165,5000.0,27.0,4528.89900970459,2082.6323913240076,68.5,0,rlcg,pomo,dqn
158,19.56192045211792,19.56192045211792,-2.5932570184604353,7.625,0.050000000000000044,-0.4701271929312497,5000.0,27.0,4562.461935520172,2049.8017391467447,69.0,0,rlcg,pomo,dqn
159,7.645760107040405,7.645760107040405,-2.4682570184604353,7.5,0.050000000000000044,-0.40813892702572047,5000.0,27.0,4594.948570013046,2016.4882213726323,69.5,0,rlcg,pomo,dqn
160,30.572099566459656,30.572099566459656,-2.1493628452800904,7.5,0.050000000000000044,-0.7518350378144533,5000.0,27.0,4627.2144780159,1983.0919191496714,70.0,0,rlcg,pomo,dqn
161,15.998845541477204,15.998845541477204,-2.4682570184604353,7.5,0.050000000000000044,-0.282444111444056,5000.0,28.0,4660.383626937866,1950.0896027612353,70.5,0,rlcg,pomo,dqn
162,13.568264842033386,13.568264842033386,-2.583521200457062,7.5,0.050000000000000044,-0.6541535434080288,5000.0,28.0,4692.501571416855,1916.6555714237866,71.0,0,rlcg,pomo,dqn
163,17.377323174476622,17.377323174476622,-2.4682570184604353,7.5,0.050000000000000044,-0.21880206658970563,5000.0,28.0,4725.760018825531,1883.694552958429,71.5,0,rlcg,pomo,dqn
164,10.883033561706544,10.883033561706544,-2.9682570184604353,8.0,0.050000000000000044,-0.5316903723403812,5000.0,28.0,4757.171206235886,1850.0110246472887,72.0,0,rlcg,pomo,dqn
165,19.092243492603302,19.092243492603302,-2.4682570184604353,7.5,0.050000000000000044,-0.5679077569395303,5000.0,28.0,4789.34249329567,1816.6471526293917,72.5,0,rlcg,pomo,dqn
166,9.045182394981385,9.045182394981385,-2.4682570184604353,7.5,0.050000000000000044,-0.38614228789228944,5000.0,29.0,4821.24439573288,1783.1999819833936,73.0,0,rlcg,pomo,dqn
167,16.962047362327574,16.962047362327574,-2.4682570184604353,7.5,0.050000000000000044,-0.40201644776389,5000.0,29.0,4853.678347349167,1749.9656626496999,73.5,0,rlcg,pomo,dqn
168,21.941102814674377,21.941102814674377,-2.9682570184604353,8.0,0.050000000000000044,-0.0676497530657798,5000.0,29.0,4883.960119962692,1715.9859880949998,74.0,0,rlcg,pomo,dqn
169,13.67618396282196,13.67618396282196,-2.4682570184604353,7.5,0.050000000000000044,-0.12056435914710165,5000.0,29.0,4915.41944360733,1682.4590041877436,74.5,0,rlcg,pomo,dqn
170,15.030153620243073,15.030153620243073,-2.4682570184604353,7.5,0.050000000000000044,-0.27707866120617836,5000.0,29.0,4946.960713863373,1648.9869046211243,75.0,0,rlcg,pomo,dqn
171,15.849398398399353,15.849398398399353,-2.4682570184604353,7.5,0.050000000000000044,-0.2770080658141524,5000.0,30.0,4981.094514369965,1616.381663603498,75.5,0,rlcg,pomo,dqn
172,12.023653173446656,12.023653173446656,-2.4682570184604353,7.5,0.050000000000000044,-0.013911274750716985,5000.0,30.0,5018.4112067222595,1584.7614337017658,76.0,0,rlcg,pomo,dqn
173,11.222647893428803,11.222647893428803,-3.0781878316305678,7.5,0.050000000000000044,-0.8536900175269693,5000.0,30.0,5053.615771055222,1552.4179165986625,76.5,0,rlcg,pomo,dqn
174,19.829520893096923,19.829520893096923,-2.5932570184604353,7.625,0.050000000000000044,0.5482767194276675,5000.0,30.0,5086.044155836105,1519.207994600395,77.0,0,rlcg,pomo,dqn
175,19.029766893386842,19.029766893386842,-2.4682570184604353,7.5,0.050000000000000044,0.14265159261412919,5000.0,30.0,5118.009851694107,1485.8738279111922,77.5,0,rlcg,pomo,dqn
176,20.6233558177948,20.6233558177948,-2.3020902028038446,7.5,0.050000000000000044,0.08836677810177207,5000.0,31.0,5150.359592676163,1452.6655261394299,78.0,0,rlcg,pomo,dqn
177,12.840151190757751,12.840151190757751,-2.4682570184604353,7.5,0.050000000000000044,0.023285187198780477,5000.0,31.0,5182.573160648346,1419.4308656552794,78.5,0,rlcg,pomo,dqn
178,10.59360475540161,10.59360475540161,-2.4682570184604353,7.5,0.050000000000000044,-0.30399863484781237,5000.0,31.0,5215.627560853958,1386.4326427586466,79.0,0,rlcg,pomo,dqn
179,18.145046448707582,18.145046448707582,-0.5452740442131114,7.5,0.050000000000000044,-0.31259117734152825,5000.0,31.0,5249.043632030487,1353.5269742971695,79.5,0,rlcg,pomo,dqn
180,14.915561604499818,14.915561604499818,-2.4682570184604353,7.5,0.050000000000000044,-0.4499663721770048,5000.0,31.0,5280.699418067932,1320.174854516983,80.0,0,rlcg,pomo,dqn
181,13.468668591976165,13.468668591976165,-2.2502313904009057,7.5,0.050000000000000044,-0.5266762024257332,5000.0,32.0,5312.762435674667,1286.942453362186,80.5,0,rlcg,pomo,dqn
182,16.085041213035584,16.085041213035584,0.7434989819540112,7.5,0.050000000000000044,0.04755618383642286,5000.0,32.0,5344.464579105377,1253.6398395432361,81.0,0,rlcg,pomo,dqn
183,15.503148603439332,15.503148603439332,-1.68217064167309,7.5,0.050000000000000044,-0.48573544265236707,5000.0,32.0,5377.447252988815,1220.6475359545166,81.5,0,rlcg,pomo,dqn
184,10.267041230201722,10.267041230201722,-2.2432493237181665,7.5,0.050000000000000044,-0.6033278620801866,5000.0,32.0,5409.160398244858,1187.3766727854572,82.0,0,rlcg,pomo,dqn
185,13.641303181648254,13.641303181648254,-2.402961229748761,7.5,0.050000000000000044,-0.8142205585259944,5000.0,32.0,5440.843859910965,1154.1183945265684,82.5,0,rlcg,pomo,dqn
186,8.285403180122376,8.285403180122376,-2.4682570184604353,7.5,0.050000000000000044,-0.7335398687515408,5000.0,33.0,5472.537170886993,1120.8811072901071,83.0,0,rlcg,pomo,dqn
187,21.332338833808898,21.332338833808898,-2.3682493237181665,7.625,0.050000000000000044,-0.9343403392471373,5000.0,33.0,5505.7816569805145,1087.9688304212996,83.5,0,rlcg,pomo,dqn
188,27.34220471382141,27.34220471382141,-1.68217064167309,7.5,0.050000000000000044,-0.8763494215440005,5000.0,33.0,5537.8325827121735,1054.8252538499382,84.0,0,rlcg,pomo,dqn
189,5.823136615753174,5.823136615753174,-1.80717064167309,7.625,0.050000000000000044,-1.0345070344395935,5000.0,33.0,5571.101101636887,1021.9179535546955,84.5,0,rlcg,pomo,dqn
190,13.467825865745544,13.467825865745544,-1.68217064167309,7.5,0.050000000000000044,-0.9340349521720782,5000.0,33.0,5604.674256801605,989.0601629649891,85.0,0,rlcg,pomo,dqn
191,17.157372546195983,17.157372546195983,-1.80717064167309,7.625,0.050000000000000044,-0.864991066697985,5000.0,34.0,5639.308540582657,956.3739630227901,85.5,0,rlcg,pomo,dqn
192,21.545539093017577,21.545539093017577,-1.93217064167309,7.75,0.050000000000000044,-0.6335539418272674,5000.0,34.0,5672.698302745819,923.4625144004822,86.0,0,rlcg,pomo,dqn
193,15.13339159488678,15.13339159488678,-1.7970941403677498,7.5,0.050000000000000044,-0.6775594869861379,5000.0,34.0,5705.6943027973175,890.4840819394658,86.5,0,rlcg,pomo,dqn
194,18.896207571029663,18.896207571029663,-1.7970941403677498,7.5,0.050000000000000044,-0.6282907888758927,5000.0,34.0,5737.669552564621,857.3529216475872,87.0,0,rlcg,pomo,dqn
195,26.957897627353667,26.957897627353667,-1.7970941403677498,7.5,0.050000000000000044,-0.9451146136270836,5000.0,34.0,5769.969793081284,824.2813990116119,87.5,0,rlcg,pomo,dqn
196,13.852289819717408,13.852289819717408,-1.9184185986328064,7.5,0.050000000000000044,-0.6380998651497066,5000.0,35.0,5802.327080249786,791.2264200340614,88.0,0,rlcg,pomo,dqn
197,11.93294575214386,11.93294575214386,-1.704587747983986,7.5,0.050000000000000044,-0.7077307428466156,5000.0,35.0,5834.591997146606,758.167321663118,88.5,0,rlcg,pomo,dqn
198,13.29640210866928,13.29640210866928,-1.9184185986328064,7.5,0.050000000000000044,-0.8755393976578489,5000.0,35.0,5866.744008541107,725.1031920668784,89.0,0,rlcg,pomo,dqn
199,11.024211382865905,11.024211382865905,-1.9184185986328064,7.5,0.050000000000000044,-0.8118358688196168,5000.0,35.0,5898.87392115593,692.0466611411985,89.5,0,rlcg,pomo,dqn
200,12.64000084400177,12.64000084400177,-2.0264016031439596,7.5,0.050000000000000044,-0.8275250487728044,5000.0,35.0,5930.669736862183,658.9633040957979,90.0,0,rlcg,pomo,dqn
201,13.428377151489258,13.428377151489258,-1.9184185986328064,7.5,0.050000000000000044,-0.821316648600623,5000.0,36.0,5962.264799594879,625.8731005099598,90.5,0,rlcg,pomo,dqn
202,16.052828788757324,16.052828788757324,-1.6090640334630537,7.625,0.050000000000000044,-0.44247795625124126,5000.0,36.0,5994.639842510223,592.8764679405713,91.0,0,rlcg,pomo,dqn
203,13.589211249351502,13.589211249351502,-2.657496464254899,7.5,0.050000000000000044,-0.6924782862188295,5000.0,36.0,6026.9577696323395,559.8813228620202,91.5,0,rlcg,pomo,dqn
204,14.156918621063232,14.156918621063232,-2.3361700495756237,7.5,0.050000000000000044,-0.48648654620628806,5000.0,36.0,6059.137157678604,526.8814919720526,92.0,0,rlcg,pomo,dqn
205,24.530825471878053,24.530825471878053,-1.9184185986328064,7.5,0.050000000000000044,-0.20538213020190596,5000.0,36.0,6091.734421253204,493.92441253404286,92.5,0,rlcg,pomo,dqn
206,23.993971395492554,23.993971395492554,-2.3361700495756237,7.5,0.050000000000000044,-0.017057177890092135,5000.0,37.0,6123.829438924789,460.93339862874745,93.0,0,rlcg,pomo,dqn
207,11.09314501285553,11.09314501285553,-3.6482954521058497,7.5,0.050000000000000044,-0.34676926468964664,5000.0,37.0,6156.044389724731,427.96030516802875,93.5,0,rlcg,pomo,dqn
208,9.521796107292175,9.521796107292175,-3.6659603897742046,7.5,0.050000000000000044,-0.9783462670398876,5000.0,37.0,6188.483070850372,395.0095577138536,94.0,0,rlcg,pomo,dqn
209,18.178933119773866,18.178933119773866,-2.3361700495756237,7.5,0.050000000000000044,-0.7525240483228117,5000.0,37.0,6220.817825078964,362.05818029560123,94.5,0,rlcg,pomo,dqn
210,16.30119595527649,16.30119595527649,-2.3361700495756237,7.5,0.050000000000000044,-0.22285477744881063,5000.0,37.0,6253.237818479538,329.1177799199759,95.0,0,rlcg,pomo,dqn
211,16.405110716819763,16.405110716819763,-0.0042568199058035106,7.5,0.050000000000000044,-0.2431247879518196,5000.0,38.0,6284.966882944107,296.1502719711889,95.5,0,rlcg,pomo,dqn
212,14.234710311889648,14.234710311889648,-2.3361700495756237,7.5,0.050000000000000044,-0.5988365463679657,5000.0,38.0,6317.3878626823425,263.22449427843094,96.0,0,rlcg,pomo,dqn
213,11.47363097667694,11.47363097667694,-2.657496464254899,7.5,0.050000000000000044,-0.4279448465444148,5000.0,38.0,6349.6980073452,230.29992772754667,96.5,0,rlcg,pomo,dqn
214,13.504110431671142,13.504110431671142,-2.3361700495756237,7.5,0.050000000000000044,-0.3023891941644251,5000.0,38.0,6384.205727338791,197.44966167027178,97.0,0,rlcg,pomo,dqn
215,11.968986785411834,11.968986785411834,-3.1899667186301057,7.5,0.050000000000000044,0.04540862834546715,5000.0,38.0,6418.613404512405,164.57983088493347,97.5,0,rlcg,pomo,dqn
216,12.614129614830016,12.614129614830016,-2.3361700495756237,7.5,0.050000000000000044,-0.6424589544069021,5000.0,39.0,6453.562559366226,131.70535835441297,98.0,0,rlcg,pomo,dqn
217,10.440935707092285,10.440935707092285,-2.3361700495756237,7.5,0.050000000000000044,-0.20642544478178024,5000.0,39.0,6487.885551452637,98.80028758557364,98.5,0,rlcg,pomo,dqn
218,30.105298805236817,30.105298805236817,-2.3361700495756237,7.5,0.050000000000000044,-0.558285177196376,5000.0,39.0,6524.686494112015,65.90592418295,99.0,0,rlcg,pomo,dqn
219,16.336404466629027,16.336404466629027,-2.3361700495756237,7.5,0.050000000000000044,-0.2808140432229266,5000.0,39.0,6561.22488617897,32.970979327532405,99.5,0,rlcg,pomo,dqn
220,16.787601113319397,16.787601113319397,-2.3361700495756237,7.5,0.050000000000000044,0.0007245925255119801,5000.0,39.0,6597.047927618027,0.0,100.0,0,rlcg,pomo,dqn
