epoch,loss,elapsed_seconds,eta_seconds,progress_percent,num_samples,method,candidate_source
1,4.52316795463433,12.08653736114502,12074.450823783875,0.1,3378,ffcg,ga
2,0.8467465336537446,24.090102434158325,12020.961114645004,0.2,3378,ffcg,ga
3,0.4341700109490128,35.40565323829651,11766.478759527206,0.3,3378,ffcg,ga
4,0.11203217152643064,47.484413385391235,11823.618932962418,0.4,3378,ffcg,ga
5,0.04315462278595306,59.45963215827942,11832.466799497604,0.5,3378,ffcg,ga
6,0.06967757967653244,71.52510714530945,11849.3260837396,0.6,3378,ffcg,ga
7,0.03893182668728576,83.61842966079712,11861.871521881649,0.7000000000000001,3378,ffcg,ga
8,0.08982009522132439,94.952721118927,11774.137418746948,0.8,3378,ffcg,ga
9,0.020263137233670455,106.39450025558472,11715.21663925383,0.8999999999999999,3378,ffcg,ga
10,0.355857136047343,118.61461997032166,11742.847377061844,1.0,3378,ffcg,ga
11,0.16531482951947324,130.693208694458,11750.507581710815,1.0999999999999999,3378,ffcg,ga
12,0.36652216060678633,142.55000138282776,11736.616780519485,1.2,3378,ffcg,ga
13,0.4085003757710866,153.74041724205017,11672.445524454117,1.3,3378,ffcg,ga
14,0.02594913116324342,165.43944120407104,11651.66350194386,1.4000000000000001,3378,ffcg,ga
15,0.12707246058134763,177.86804485321045,11680.001612027487,1.5,3378,ffcg,ga
16,0.01713870234724173,190.25646233558655,11700.772433638573,1.6,3378,ffcg,ga
17,0.10174125941159383,202.71744012832642,11721.837861537933,1.7000000000000002,3378,ffcg,ga
18,0.12494325721520011,214.33384203910828,11693.10182680024,1.7999999999999998,3378,ffcg,ga
19,0.10454125579602046,225.7819128036499,11657.476655809503,1.9,3378,ffcg,ga
20,0.019370706340735844,238.03517723083496,11663.723684310913,2.0,3378,ffcg,ga
21,0.006155044679062299,250.1483235359192,11661.676606745947,2.1,3378,ffcg,ga
22,0.03966648643589323,262.2971019744873,11660.29844232039,2.1999999999999997,3378,ffcg,ga
23,0.011193267404066638,274.3279023170471,11652.972198424131,2.3,3378,ffcg,ga
24,0.024070595566079232,285.63551664352417,11615.844343503317,2.4,3378,ffcg,ga
25,0.012387837845513056,297.4455258846283,11600.375509500504,2.5,3378,ffcg,ga
26,0.05560051863102433,309.2259588241577,11584.080149797293,2.6,3378,ffcg,ga
27,0.0056989834914427774,321.3763630390167,11581.451897665307,2.7,3378,ffcg,ga
28,0.016473416227272292,333.4353904724121,11574.971412113735,2.8000000000000003,3378,ffcg,ga
29,0.007339645503491545,344.53267216682434,11535.90429910298,2.9000000000000004,3378,ffcg,ga
30,0.0061060442794510904,356.29785203933716,11520.297215938568,3.0,3378,ffcg,ga
31,0.04395919559990674,368.2496862411499,11510.772450570137,3.1,3378,ffcg,ga
32,0.10638591414801005,380.281635761261,11503.519481778145,3.2,3378,ffcg,ga
33,0.012138993121163906,392.282648563385,11495.070338205856,3.3000000000000003,3378,ffcg,ga
34,0.005220460709744235,403.98563528060913,11477.94481414907,3.4000000000000004,3378,ffcg,ga
35,0.008083569628054118,415.3608319759369,11452.091510193688,3.5000000000000004,3378,ffcg,ga
36,0.006576770875568612,427.22899198532104,11440.24300760693,3.5999999999999996,3378,ffcg,ga
37,0.21581282932561116,439.11645698547363,11428.895893973273,3.6999999999999997,3378,ffcg,ga
38,0.003214075286302774,450.94062995910645,11415.918053175274,3.8,3378,ffcg,ga
39,0.014939924317172573,462.51743149757385,11396.903888953038,3.9,3378,ffcg,ga
40,0.003352706800712473,473.8187298774719,11371.649517059326,4.0,3378,ffcg,ga
41,0.013716792656350207,485.71938252449036,11361.094825389908,4.1000000000000005,3378,ffcg,ga
42,0.005688368338431004,497.6155514717102,11350.373769283295,4.2,3378,ffcg,ga
43,0.006301569294759645,509.6589560508728,11342.874905597333,4.3,3378,ffcg,ga
44,0.0031176461099020284,521.6712985038757,11334.49457658421,4.3999999999999995,3378,ffcg,ga
45,0.019220733897335626,533.0194454193115,11311.857119454278,4.5,3378,ffcg,ga
46,0.0016915635851785786,544.2104122638702,11286.450723907223,4.6,3378,ffcg,ga
47,0.017066630350251282,556.1044502258301,11275.90512904715,4.7,3378,ffcg,ga
48,0.009567196648645292,568.0636823177338,11266.596365968386,4.8,3378,ffcg,ga
49,0.10038485730117178,579.9240167140961,11255.259997859293,4.9,3378,ffcg,ga
50,0.16391282310005834,591.8033187389374,11244.26305603981,5.0,3378,ffcg,ga
51,1.346643792362706,602.9567487239838,11219.72459880511,5.1,3378,ffcg,ga
52,0.006786507641058553,614.7210750579834,11206.838060672468,5.2,3378,ffcg,ga
53,0.0014376692686116793,626.732604265213,11198.41087243692,5.3,3378,ffcg,ga
54,0.003523410600438718,638.6123309135437,11187.541945263192,5.4,3378,ffcg,ga
55,0.005278115508140456,650.6756513118744,11179.79073617675,5.5,3378,ffcg,ga
56,0.0032095327311876375,661.5182254314423,11151.307228701455,5.6000000000000005,3378,ffcg,ga
57,0.006170464011065393,673.0392355918884,11134.6666519851,5.7,3378,ffcg,ga
58,0.9972761627715967,685.019898891449,11125.668013030085,5.800000000000001,3378,ffcg,ga
59,0.26181628295165654,696.8774542808533,11114.604821665813,5.8999999999999995,3378,ffcg,ga
60,0.016944844587966152,708.7995791435242,11104.526739915213,6.0,3378,ffcg,ga
61,0.1308771123064313,719.940000295639,11082.355086518115,6.1,3378,ffcg,ga
62,0.005305270255957877,731.3061547279358,11063.954405400062,6.2,3378,ffcg,ga
63,0.009692449038013912,743.0883529186249,11051.964868011928,6.3,3378,ffcg,ga
64,0.009315722038662648,754.9106650352478,11040.5684761405,6.4,3378,ffcg,ga
65,0.003023045418112296,766.7637555599213,11029.601714592713,6.5,3378,ffcg,ga
66,0.18326020629883658,778.007482290268,11009.984673622883,6.6000000000000005,3378,ffcg,ga
67,0.14007206739797465,789.3585693836212,10992.112615446546,6.7,3378,ffcg,ga
68,0.002884249880451493,801.176275730133,10980.827779124764,6.800000000000001,3378,ffcg,ga
69,0.008350184900664071,812.9624443054199,10969.101965918057,6.9,3378,ffcg,ga
70,0.011766262922438295,824.856479883194,10958.807518448148,7.000000000000001,3378,ffcg,ga
71,0.017463319672609633,836.5313177108765,10945.599917653582,7.1,3378,ffcg,ga
72,0.011332862553438608,847.7204103469849,10926.174177805584,7.199999999999999,3378,ffcg,ga
73,0.0031085619485013215,859.7682235240936,10917.87867406623,7.3,3378,ffcg,ga
74,0.002504544897606206,871.8435168266296,10909.825629479177,7.3999999999999995,3378,ffcg,ga
75,0.002163943607064258,883.9233989715576,10901.721920649212,7.5,3378,ffcg,ga
76,0.009925602758061314,896.0003712177277,10893.478197436583,7.6,3378,ffcg,ga
77,0.004856546922812465,907.068318605423,10873.03971523124,7.7,3378,ffcg,ga
78,0.01278928006274119,918.638833284378,10858.78210625893,7.8,3378,ffcg,ga
79,0.004419557110796297,930.596791267395,10849.109427307225,7.9,3378,ffcg,ga
80,0.5778081573153083,942.582334280014,10839.696844220161,8.0,3378,ffcg,ga
81,0.009405024005332427,954.6511580944061,10831.1656085032,8.1,3378,ffcg,ga
82,0.020950948437171716,966.1613392829895,10816.294017826638,8.200000000000001,3378,ffcg,ga
83,0.176919821126014,977.5071995258331,10799.687975484205,8.3,3378,ffcg,ga
84,0.0007804541104799636,989.6531417369843,10791.9318789414,8.4,3378,ffcg,ga
85,0.0026336225158957566,1001.7747654914856,10783.810710878932,8.5,3378,ffcg,ga
86,0.03287374533370052,1014.3464770317078,10780.380000081173,8.6,3378,ffcg,ga
87,0.004660232214133301,1026.8518590927124,10776.043073007431,8.7,3378,ffcg,ga
88,0.026567525875735323,1038.3024411201477,10760.588935245169,8.799999999999999,3378,ffcg,ga
89,0.0007127470377054122,1050.0991110801697,10748.767305550951,8.9,3378,ffcg,ga
90,0.007460407444115664,1062.1673364639282,10739.691957579718,9.0,3378,ffcg,ga
91,0.005708367377837922,1074.0383791923523,10728.58117237196,9.1,3378,ffcg,ga
92,0.0012124124360916142,1086.7293038368225,10725.545737867771,9.2,3378,ffcg,ga
93,0.2694476947774375,1099.5543837547302,10723.611032962799,9.3,3378,ffcg,ga
94,1.2701573099201717,1111.6055088043213,10713.985010390586,9.4,3378,ffcg,ga
95,0.025116554249569947,1123.4368710517883,10702.214403177562,9.5,3378,ffcg,ga
96,0.000701348553063824,1136.0008506774902,10697.3413438797,9.6,3378,ffcg,ga
97,0.00680885718007749,1148.4296598434448,10691.051369470419,9.700000000000001,3378,ffcg,ga
98,0.0006298741387754853,1161.0940403938293,10686.804330971776,9.8,3378,ffcg,ga
99,0.0006259465751601346,1173.6718056201935,10681.598958220144,9.9,3378,ffcg,ga
100,7.54908176098659,1185.7822527885437,10672.040275096893,10.0,3378,ffcg,ga
101,2.3541435397040944,1197.5659852027893,10659.522977201064,10.100000000000001,3378,ffcg,ga
102,0.0006697030194012024,1209.6640210151672,10649.78716540804,10.2,3378,ffcg,ga
103,0.003277340972463444,1221.7644338607788,10640.026186146782,10.299999999999999,3378,ffcg,ga
104,0.13315888031589465,1233.9216475486755,10630.709578880898,10.4,3378,ffcg,ga
105,0.005437600010494767,1245.9685909748077,10620.3989421186,10.5,3378,ffcg,ga
106,0.17053665069951285,1257.4909982681274,10605.631626902887,10.6,3378,ffcg,ga
107,0.011749585119825925,1269.0068943500519,10590.870622940152,10.7,3378,ffcg,ga
108,0.0009023641437801219,1281.2298023700714,10582.009108463923,10.8,3378,ffcg,ga
109,0.003661784504522639,1293.3213229179382,10572.011914861312,10.9,3378,ffcg,ga
110,0.40465781562347675,1305.3664894104004,10561.601596138695,11.0,3378,ffcg,ga
111,0.00063939991031685,1317.52219414711,10552.04712249352,11.1,3378,ffcg,ga
112,0.0006326678043103925,1328.6526591777802,10534.3175120524,11.200000000000001,3378,ffcg,ga
113,0.009884545483384697,1340.528385400772,10522.554671243228,11.3,3378,ffcg,ga
114,0.07254958367005725,1352.6391336917877,10512.616425008104,11.4,3378,ffcg,ga
115,0.017405546342234065,1364.6347935199738,10501.754715349363,11.5,3378,ffcg,ga
116,0.0048098544272101315,1376.9519681930542,10493.323619678102,11.600000000000001,3378,ffcg,ga
117,0.0034625224511924445,1388.846054315567,10481.63304239868,11.700000000000001,3378,ffcg,ga
118,0.000669277955203484,1400.3491389751434,10467.016445559972,11.799999999999999,3378,ffcg,ga
119,0.007638455268976003,1412.5138022899628,10457.35008249964,11.899999999999999,3378,ffcg,ga
120,0.003916234879603396,1424.5539302825928,10446.728822072348,12.0,3378,ffcg,ga
121,0.0007420503839739913,1436.797610759735,10437.562808742208,12.1,3378,ffcg,ga
122,0.0006293849049410409,1448.9032442569733,10427.352856210022,12.2,3378,ffcg,ga
123,0.0006268064186550088,1460.566682100296,10413.959188633818,12.3,3378,ffcg,ga
124,0.057640859565547646,1471.925269126892,10398.439804477077,12.4,3378,ffcg,ga
125,0.003460274111271775,1483.9965274333954,10387.975692033768,12.5,3378,ffcg,ga
126,0.02072399847725277,1496.2090764045715,10378.46613315552,12.6,3378,ffcg,ga
127,0.004412938634420543,1508.2183787822723,10367.516887219872,12.7,3378,ffcg,ga
128,0.0006635317703178095,1520.333137512207,10357.26949930191,12.8,3378,ffcg,ga
129,0.0006256838788988221,1531.6254272460938,10341.439900243005,12.9,3378,ffcg,ga
130,0.0006311420908900198,1543.2573924064636,10327.953318412487,13.0,3378,ffcg,ga
131,0.0014571204950580203,1555.3173391819,10317.334104954742,13.100000000000001,3378,ffcg,ga
132,0.0006230933635452522,1567.3852429389954,10306.745385386726,13.200000000000001,3378,ffcg,ga
133,0.0006170746426556233,1579.5464816093445,10296.74285379926,13.3,3378,ffcg,ga
134,0.004889146232223487,1591.415514945984,10284.819671218074,13.4,3378,ffcg,ga
135,0.002343356818305217,1602.898099899292,10270.42115861398,13.5,3378,ffcg,ga
136,0.026037045744034086,1614.9927356243134,10259.953849848578,13.600000000000001,3378,ffcg,ga
137,0.00361240724212789,1627.0364637374878,10249.14210368943,13.700000000000001,3378,ffcg,ga
138,0.008270812059657011,1639.4523577690125,10240.637191281801,13.8,3378,ffcg,ga
139,0.2097302607516685,1652.0606563091278,10233.267806346466,13.900000000000002,3378,ffcg,ga
140,0.004322896149141338,1664.3119130134583,10223.630322796957,14.000000000000002,3378,ffcg,ga
141,0.001993227719639059,1675.9202103614807,10210.038728372427,14.099999999999998,3378,ffcg,ga
142,0.0007104537636741483,1688.0817782878876,10199.818068809913,14.2,3378,ffcg,ga
143,0.0007024349755125494,1700.7533798217773,10192.626898652192,14.299999999999999,3378,ffcg,ga
144,0.0018853665483176093,1713.2671542167664,10184.421416733001,14.399999999999999,3378,ffcg,ga
145,0.0015676986058665169,1725.6297717094421,10175.265205597056,14.499999999999998,3378,ffcg,ga
146,0.0006599550765093198,1738.0325291156769,10166.29986208759,14.6,3378,ffcg,ga
147,0.0006716591208395573,1749.560109615326,10152.209343550157,14.7,3378,ffcg,ga
148,0.0007202036694876409,1761.2929034233093,10139.334822409863,14.799999999999999,3378,ffcg,ga
149,0.0006690656673289326,1773.3873646259308,10128.541257024612,14.899999999999999,3378,ffcg,ga
150,0.0007099615931794921,1785.295357465744,10116.673692305883,15.0,3378,ffcg,ga
151,0.0038820374522502868,1797.3573405742645,10105.671404950666,15.1,3378,ffcg,ga
152,3.3413686972147825,1809.0333683490753,10092.501949736947,15.2,3378,ffcg,ga
153,0.002971873477245723,1820.384313583374,10077.552376504038,15.299999999999999,3378,ffcg,ga
154,0.001550386606923899,1832.5065064430237,10066.88639253765,15.4,3378,ffcg,ga
155,0.002753527490852239,1844.8418822288513,10057.36380957019,15.5,3378,ffcg,ga
156,0.0039126481176744755,1857.4127752780914,10049.079373940443,15.6,3378,ffcg,ga
157,0.0006492892607067362,1870.1063749790192,10041.399198135752,15.7,3378,ffcg,ga
158,0.0006306849438475308,1882.530363559723,10032.218772894219,15.8,3378,ffcg,ga
159,0.020742830599698475,1894.6065292358398,10021.157805580762,15.9,3378,ffcg,ga
160,0.005247091007987977,1906.5103743076324,10009.17946511507,16.0,3378,ffcg,ga
161,0.0006336151926469842,1918.7598469257355,9999.003177457715,16.1,3378,ffcg,ga
162,0.0006812925727992329,1931.127681016922,9989.413559828276,16.2,3378,ffcg,ga
163,0.007323436509340556,1943.3969039916992,9979.283488595413,16.3,3378,ffcg,ga
164,0.0010403086251115543,1955.5965130329132,9968.772468875093,16.400000000000002,3378,ffcg,ga
165,0.0006286783101901668,1966.784157037735,9953.119825009144,16.5,3378,ffcg,ga
166,0.0007648794166875823,1978.6989347934723,9941.174166372022,16.6,3378,ffcg,ga
167,0.0006249846791353846,1990.6779472827911,9929.549281955478,16.7,3378,ffcg,ga
168,0.0006419222053193576,2003.287606716156,9921.043385641915,16.8,3378,ffcg,ga
169,0.019107985846664705,2015.8197786808014,9912.107905820982,16.900000000000002,3378,ffcg,ga
170,0.038968086508120184,2028.3847262859344,9903.290134219562,17.0,3378,ffcg,ga
171,0.000642338486267536,2040.2401435375214,9890.988766038627,17.1,3378,ffcg,ga
172,0.0006301467688105305,2051.929398059845,9877.89268368344,17.2,3378,ffcg,ga
173,0.0006243486862965795,2064.2784101963043,9867.966735447075,17.299999999999997,3378,ffcg,ga
174,0.0016924175205608896,2076.3951318264008,9856.910223497742,17.4,3378,ffcg,ga
175,0.0006494524740897405,2088.4607520103455,9845.600688048773,17.5,3378,ffcg,ga
176,0.0006145945733026736,2101.082378387451,9836.885680632158,17.599999999999998,3378,ffcg,ga
177,0.000620936254821713,2112.388860464096,9822.011481140968,17.7,3378,ffcg,ga
178,0.006415493914018116,2124.241409301758,9809.699092393512,17.8,3378,ffcg,ga
179,0.005767138646795975,2136.4849693775177,9799.185250608616,17.9,3378,ffcg,ga
180,0.0008433875922257209,2148.7236003875732,9788.629735098944,18.0,3378,ffcg,ga
181,0.09541667582150384,2161.0230021476746,9778.330600878153,18.099999999999998,3378,ffcg,ga
182,0.0006254734516957561,2173.284751176834,9767.840255289288,18.2,3378,ffcg,ga
183,0.0006219963451644619,2184.7224707603455,9753.651686400013,18.3,3378,ffcg,ga
184,0.0006230162419924185,2196.882541179657,9742.696486970653,18.4,3378,ffcg,ga
185,0.02375811200984348,2209.038325071335,9731.709378016962,18.5,3378,ffcg,ga
186,0.07033222557200303,2221.2774579524994,9721.074466523303,18.6,3378,ffcg,ga
187,0.0008366374174073956,2233.481686115265,9710.270646051928,18.7,3378,ffcg,ga
188,0.002717987808723936,2245.6186604499817,9699.161448326517,18.8,3378,ffcg,ga
189,3.022937545182586,2257.105578660965,9685.25198039176,18.9,3378,ffcg,ga
190,0.006683158412070652,2269.2407236099243,9674.131505915993,19.0,3378,ffcg,ga
191,0.0017269350069861866,2281.5564155578613,9663.765131865497,19.1,3378,ffcg,ga
192,0.0034985667785282274,2293.783493041992,9653.005533218384,19.2,3378,ffcg,ga
193,0.0006217991627986412,2305.9466223716736,9641.963338103318,19.3,3378,ffcg,ga
194,0.0006246757913412882,2317.4464032649994,9628.153613564895,19.400000000000002,3378,ffcg,ga
195,0.008755754976494121,2328.481286048889,9612.448385996697,19.5,3378,ffcg,ga
196,0.0867050948386688,2340.85991024971,9602.30289714677,19.6,3378,ffcg,ga
197,0.000633356619534043,2353.33944272995,9592.546053361166,19.7,3378,ffcg,ga
198,0.0006540101568605933,2365.981989145279,9583.421996436937,19.8,3378,ffcg,ga
199,0.0006299799032540946,2378.3384721279144,9573.111136555071,19.900000000000002,3378,ffcg,ga
200,0.005832141889553415,2390.0403983592987,9560.161593437195,20.0,3378,ffcg,ga
201,0.0197338919769901,2401.480713367462,9546.184527266678,20.1,3378,ffcg,ga
202,0.000644766113685755,2413.4692327976227,9534.398256299519,20.200000000000003,3378,ffcg,ga
203,0.0006538001095008386,2425.534390449524,9522.910882700839,20.3,3378,ffcg,ga
204,0.0006478411697870843,2437.3950383663177,9510.619855586221,20.4,3378,ffcg,ga
205,0.9889570628630504,2449.362983226776,9498.749130074571,20.5,3378,ffcg,ga
206,0.004905598625415814,2460.4544627666473,9483.499239984068,20.599999999999998,3378,ffcg,ga
207,0.0006295662601921375,2472.0073280334473,9470.057058601564,20.7,3378,ffcg,ga
208,0.0006211901455071179,2483.9803245067596,9458.232774083432,20.8,3378,ffcg,ga
209,0.0006313666635983443,2496.2118968963623,9447.385695909199,20.9,3378,ffcg,ga
210,0.0007464847899965167,2508.410491466522,9436.401372659775,21.0,3378,ffcg,ga
211,0.0006284558126533738,2520.15287566185,9423.69961562654,21.099999999999998,3378,ffcg,ga
212,8.415834127842597,2531.421401500702,9409.245586710156,21.2,3378,ffcg,ga
213,0.0032530863788441796,2543.297810316086,9397.067496332205,21.3,3378,ffcg,ga
214,0.0006454572683160739,2555.3336431980133,9385.477773615134,21.4,3378,ffcg,ga
215,0.0006386059854828574,2567.375767469406,9373.90687192318,21.5,3378,ffcg,ga
216,0.0063742000802850815,2579.4564435482025,9362.471535841623,21.6,3378,ffcg,ga
217,0.15854740922691127,2590.8568873405457,9348.575773214965,21.7,3378,ffcg,ga
218,0.0005241618468951651,2602.4738252162933,9335.479501463951,21.8,3378,ffcg,ga
219,0.0006275212496541166,2614.6904690265656,9324.535416939487,21.9,3378,ffcg,ga
220,0.0006262368498105164,2626.838322162628,9313.335869485682,22.0,3378,ffcg,ga
221,0.005758080585071515,2639.6816008090973,9304.57903633614,22.1,3378,ffcg,ga
222,0.0006075548230390844,2652.164121389389,9294.521110094345,22.2,3378,ffcg,ga
223,0.0006074660247368524,2663.9437334537506,9281.99229100253,22.3,3378,ffcg,ga
224,0.0006167524658062374,2675.484381198883,9268.642320581845,22.400000000000002,3378,ffcg,ga
225,2.541341853489995,2687.809067249298,9258.009009414249,22.5,3378,ffcg,ga
226,0.012035324971796825,2700.1932554244995,9247.564511940542,22.6,3378,ffcg,ga
227,0.0006225358366605738,2712.5704152584076,9237.078991166296,22.7,3378,ffcg,ga
228,0.0006013615755108432,2725.18137717247,9227.368522706784,22.8,3378,ffcg,ga
229,0.0006124888098378826,2737.385466814041,9216.262859884828,22.900000000000002,3378,ffcg,ga
230,0.004461075711412986,2749.4148602485657,9204.562793006067,23.0,3378,ffcg,ga
231,0.0044733297575100806,2762.2084486484528,9195.40388316303,23.1,3378,ffcg,ga
232,0.06653259880394916,2775.185336828232,9186.820425362423,23.200000000000003,3378,ffcg,ga
233,0.0005822290896074645,2787.8436918258667,9177.150693692874,23.3,3378,ffcg,ga
234,0.000587666420301837,2800.5534727573395,9167.623761248384,23.400000000000002,3378,ffcg,ga
235,0.0005788446349945488,2813.183042049408,9157.808626245946,23.5,3378,ffcg,ga
236,0.0006197945580387971,2825.426773071289,9146.720570451123,23.599999999999998,3378,ffcg,ga
237,0.0005922955193415113,2837.4604227542877,9134.946424310217,23.7,3378,ffcg,ga
238,0.0006052260923975798,2850.028214931488,9124.880251167202,23.799999999999997,3378,ffcg,ga
239,0.04623245718374055,2862.796089887619,9115.4302276338,23.9,3378,ffcg,ga
240,0.0006199484394444349,2875.3387949466705,9105.239517331123,24.0,3378,ffcg,ga
241,0.0006446103553211203,2888.180101633072,9095.969697674282,24.099999999999998,3378,ffcg,ga
242,0.0074546363090565735,2901.085201025009,9086.870175111393,24.2,3378,ffcg,ga
243,0.00453356519711321,2913.105369091034,9074.982569555197,24.3,3378,ffcg,ga
244,0.0006085864346709376,2925.5105261802673,9064.28671226345,24.4,3378,ffcg,ga
245,0.0007958246001766099,2938.621078014374,9055.75066898307,24.5,3378,ffcg,ga
246,0.023198125334369258,2951.607223510742,9046.7961240939,24.6,3378,ffcg,ga
247,2.9572964565335416,2964.6484451293945,9037.976838795279,24.7,3378,ffcg,ga
248,0.0012076308582517287,2977.557391643524,9028.722413370686,24.8,3378,ffcg,ga
249,0.00404404816709063,2990.334552049637,9019.04115899308,24.9,3378,ffcg,ga
250,0.0006105918803633512,3002.448054790497,9007.34416437149,25.0,3378,ffcg,ga
251,0.0006164661741376006,3014.4004802703857,8995.163186145493,25.1,3378,ffcg,ga
252,0.0006010522606494442,3027.1802933216095,8985.439918272079,25.2,3378,ffcg,ga
253,0.7109267864485209,3039.9408972263336,8975.635771652454,25.3,3378,ffcg,ga
254,0.004177043038313164,3052.734885931015,8965.906397261957,25.4,3378,ffcg,ga
255,0.03530017298086053,3065.578480243683,8956.297912868798,25.5,3378,ffcg,ga
256,0.0010913984695454287,3078.1308097839355,8945.817665934563,25.6,3378,ffcg,ga
257,0.000621316169795518,3090.2932708263397,8934.194164295604,25.7,3378,ffcg,ga
258,0.0006063199389816984,3102.6949620246887,8923.254503187283,25.8,3378,ffcg,ga
259,0.005993650424166804,3115.533581018448,8913.553604380964,25.900000000000002,3378,ffcg,ga
260,6.731989265130983,3128.3175354003906,8903.672985370342,26.0,3378,ffcg,ga
261,0.009010262778468572,3141.0719249248505,8893.686408120553,26.1,3378,ffcg,ga
262,0.0006084547180929301,3153.9853138923645,8884.126571192995,26.200000000000003,3378,ffcg,ga
263,0.00060147501913954,3167.0172028541565,8874.873302294727,26.3,3378,ffcg,ga
264,0.0006032341948211484,3179.283800840378,8863.457869009537,26.400000000000002,3378,ffcg,ga
265,0.0006087824079726409,3191.3344192504883,8851.43697414758,26.5,3378,ffcg,ga
266,0.5966424216764087,3204.0946612358093,8841.373990026632,26.6,3378,ffcg,ga
267,0.01504714437909252,3216.9666504859924,8831.59758354394,26.700000000000003,3378,ffcg,ga
268,0.0046559270472785125,3229.8734107017517,8821.893047140604,26.8,3378,ffcg,ga
269,0.0025768011441662,3242.7456703186035,8812.070947966167,26.900000000000002,3378,ffcg,ga
270,0.006474395742876232,3255.8397810459137,8802.826074679691,27.0,3378,ffcg,ga
271,0.0006244219793118052,3268.3340876102448,8791.939298405418,27.1,3378,ffcg,ga
272,0.0006192947926732668,3280.5609786510468,8780.32497227192,27.200000000000003,3378,ffcg,ga
273,0.0005973558111888874,3292.996716737747,8769.262318931656,27.3,3378,ffcg,ga
274,0.0005845951302126477,3305.6023013591766,8758.639674404241,27.400000000000002,3378,ffcg,ga
275,0.00061763082826681,3318.184250354767,8747.94029638984,27.500000000000004,3378,ffcg,ga
276,0.0005863229665251534,3331.0412933826447,8737.948900032734,27.6,3378,ffcg,ga
277,0.014766420274990942,3343.764712333679,8727.588039773465,27.700000000000003,3378,ffcg,ga
278,0.11715061642370589,3355.9874262809753,8715.909790557065,27.800000000000004,3378,ffcg,ga
279,0.0005892652124647754,3368.089541196823,8703.915982806126,27.900000000000002,3378,ffcg,ga
280,0.0006109109532569904,3380.9125623703003,8693.775160380772,28.000000000000004,3378,ffcg,ga
281,0.0005733775481184946,3393.6446142196655,8683.38248264747,28.1,3378,ffcg,ga
282,0.0005702565237073262,3406.5415937900543,8673.393135961913,28.199999999999996,3378,ffcg,ga
283,0.010362155112741847,3419.3310368061066,8663.110789363882,28.299999999999997,3378,ffcg,ga
284,0.003772923935614408,3432.025915145874,8652.572377621289,28.4,3378,ffcg,ga
285,0.0185605159404703,3444.0555081367493,8640.349783571144,28.499999999999996,3378,ffcg,ga
286,0.0013439463129314775,3456.2815096378326,8628.618873711233,28.599999999999998,3378,ffcg,ga
287,0.003264806182380296,3468.917319536209,8617.902609161385,28.7,3378,ffcg,ga
288,0.0010614344237193706,3481.5795590877533,8607.23835441139,28.799999999999997,3378,ffcg,ga
289,0.003233246642840253,3493.9792668819427,8595.914390149002,28.9,3378,ffcg,ga
290,5.773054919958134,3506.4951405525208,8584.867413076861,28.999999999999996,3378,ffcg,ga
291,0.0039380069922752454,3518.5548169612885,8572.698849572349,29.099999999999998,3378,ffcg,ga
292,0.004511284656987975,3530.3681511878967,8559.933736441888,29.2,3378,ffcg,ga
293,0.002434867909625218,3542.474488735199,8547.882128108484,29.299999999999997,3378,ffcg,ga
294,0.0006414915970135948,3554.8160631656647,8536.395036037276,29.4,3378,ffcg,ga
295,0.2757122407149466,3567.1667246818542,8524.923867460026,29.5,3378,ffcg,ga
296,0.0006088105019922981,3579.7116808891296,8513.908862655227,29.599999999999998,3378,ffcg,ga
297,0.00060753739070941,3592.630718231201,8503.769006452978,29.7,3378,ffcg,ga
298,0.005884603099169798,3604.354790210724,8490.795512509827,29.799999999999997,3378,ffcg,ga
299,0.022583240042106854,3616.4247331619263,8478.641264035152,29.9,3378,ffcg,ga
300,0.0026149614595532863,3628.7221236228943,8467.01828845342,30.0,3378,ffcg,ga
