epoch,loss,avg_reward,baseline_variance,penalty_ratio,max_memory_load_percent,val_reward
1,117.71324284441657,1677.057767134905,293049.4131301225,0.0,15.0,
2,8.845378431415934,1931.1269724640995,276070.4250197179,0.0,15.0,
3,-0.005586368245654739,1971.676365048617,262811.9335936403,0.0,14.0,
4,-2.665616284110918,1998.8318718835114,254698.37032456422,0.0,15.0,
5,-8.416717885799095,1996.468071272403,257414.93938383245,0.0,14.0,1554.2461910896302
6,-5.0914555350798185,1999.071050255537,252950.602191443,0.0,14.0,
7,-1.2167524324950045,1996.4609914885461,254495.1313881554,0.0,15.0,
8,3.9602680521842557,2013.731523359418,246759.3051742028,0.0,15.0,
9,8.59115904680796,2066.5008738907577,265298.99365489284,0.0,15.0,
10,2.698595031576244,2083.499384047985,253928.24322219015,0.0,15.0,1642.4407001094817
11,8.245086181691029,2115.4658117189406,253419.75485245133,0.0,19.0,
12,10.006864708461842,2160.892790189028,262941.8698573251,0.0,19.0,
13,6.40185848991217,2111.677777531147,253044.52584042068,0.0,19.0,
14,12.127764422495442,2131.3304562649428,260321.7425753514,0.0,20.0,
15,13.79390913510754,2103.804841172695,253056.88567702132,0.0,19.0,1578.021047914505
16,11.674271449918223,2124.02397353673,247761.26759092606,0.0,18.0,
17,9.636191570711643,2188.4651385257093,252006.27947024853,0.0,14.0,
18,12.802626247651217,2174.948383249879,251419.8930801614,0.0,14.0,
19,8.8531844154442,2088.3046768891813,243949.4690804067,0.0,14.0,
20,13.968781115810197,2154.240417560518,251216.21086879433,0.0,15.0,1578.967791355133
21,14.80756391123505,2135.8229245465996,251345.6653062346,0.0,15.0,
22,13.59775349536468,2121.187900361404,244877.72882013494,0.0,15.0,
23,16.287463000161896,2128.6129654409883,252049.04490602028,0.0,15.0,
24,16.265804812975773,2166.294274770379,255418.72985498636,0.0,15.0,
25,15.561853258076887,2192.764022640586,250540.23589637113,0.0,15.0,1652.9712090177536
26,17.003599450493375,2150.2102294049264,244502.67116568738,0.0,15.0,
27,17.1015465187646,2091.991667815924,249338.26393954063,0.0,15.0,
28,15.526525352739103,2154.3859779964537,247867.91935944927,0.0,15.0,
29,18.682949423695888,2177.643271718681,250603.33731912964,0.0,16.0,
30,14.005643751220948,2163.4503554175867,248537.16608502474,0.0,20.0,1446.266163290024
31,15.467923089748595,2121.165623692304,244981.50644139477,0.0,21.0,
32,16.767190212504232,2187.306903627038,257103.76946151018,0.0,21.0,
33,15.557051274516587,2152.317863927722,245107.46008551077,0.0,21.0,
34,16.834986759813937,2152.304812874079,246677.94807426655,0.0,21.0,
35,17.96529332279052,2163.7101969813107,255295.71004058194,0.0,15.0,1669.5855181474685
36,17.54368966153222,2107.074439817667,244531.42937859884,0.0,15.0,
37,21.988970772612113,2211.837623092353,259189.6876406424,0.0,15.0,
38,21.37171577677052,2201.8764867235423,256866.03010108022,0.0,15.0,
39,20.262442386276685,2186.5694163211883,255038.43201224433,0.0,15.0,
40,16.696757864533403,2123.2540303757787,242496.05750832698,0.0,17.0,1562.5770023698808
41,19.214475075279363,2171.0121996560692,254459.44603586142,0.0,17.0,
42,15.199502302292682,2237.92049216507,248106.0163808268,0.0,17.0,
43,21.16942635083006,2157.0445474617777,251964.59719825423,0.0,17.0,
44,23.56003513680137,2247.7925604886414,258445.93284810553,0.0,17.0,
45,23.586616739578762,2166.804341898203,249997.1412640479,0.0,17.0,1636.6389543247221
46,-49.025659344557845,3157.9066459524634,221688.09669444,0.0,19.0,
47,-53.905038923523314,3240.506248922348,207516.2131999418,0.0,18.0,
48,-58.651443096462174,3356.3990673491953,215021.59146322822,0.0,18.0,
49,-49.67333727907918,3232.555582386017,210073.69892372884,0.0,18.0,
50,-50.368001040775795,3240.1991759274006,204936.7631679988,0.0,18.0,842.4404150657654
51,-57.001725815086274,3361.14181812793,208480.83617940123,0.0,18.0,
52,-44.180421078086596,3293.577123557985,202176.18854600049,0.0,19.0,
53,-54.44456029728497,3347.747230987787,214550.1311212948,0.0,19.0,
54,-56.67136690453428,3304.133684744641,206099.90466549777,0.0,19.0,
55,-54.163735379111024,3337.906471884787,205161.36606067387,0.0,19.0,749.989775669098
56,-48.790955228057456,3275.785057613373,203064.10599109277,0.0,19.0,
57,-38.72372423416398,3396.0783645050524,208943.8462810408,0.0,19.0,
58,-46.50056538244168,3331.4907936139107,202971.56287632574,0.0,19.0,
59,-48.16879552004166,3333.9504011697322,206069.25789995244,0.0,19.0,
60,-56.193240225690765,3305.022685925126,200744.42451610402,0.0,19.0,988.2063281211854
61,-64.96230196677428,3297.0717852474154,204128.04548161058,0.0,19.0,
62,-53.88442530404823,3293.8146293503346,198032.76582284318,0.0,19.0,
63,-55.69994927102653,3322.610737257719,200240.81991065398,0.0,19.0,
64,-63.372670949387015,3397.128211322941,205877.9806973476,0.0,19.0,
65,-50.58527358386759,3356.0204107961654,200304.11377728582,0.0,19.0,975.1122163619995
66,-50.86850255051115,3402.1609061574936,211309.644164805,0.0,19.0,
67,-49.52187232065591,3386.7528431596756,210221.17505053605,0.0,18.0,
68,-54.67742168074008,3368.5079177764655,198750.0833325402,0.0,19.0,
69,-54.11648021737253,3263.436986934334,191527.87710525584,0.0,18.0,
70,-55.357242768072055,3399.7077528829573,207641.22499511534,0.0,18.0,1214.5597286338807
71,-45.29377943053004,3352.626276707649,202575.66708881088,0.0,18.0,
72,-41.95851000569574,3292.5622604796886,197902.81831442533,0.0,18.0,
73,-58.82701562798387,3309.7305684025287,200201.15730479953,0.0,18.0,
74,-67.26767677750637,3435.928252465248,204910.2290280212,0.0,18.0,
75,-69.40130584715237,3339.2446945614815,203801.98407921285,0.0,18.0,1058.8533030281067
76,-80.85751024093514,3312.0870675385595,204917.9387855404,0.0,18.0,
77,-64.50996585443383,3185.61481975615,195114.58274537523,0.0,18.0,
78,-109.3910980032708,3492.9530905308725,208113.78862257753,0.0,18.0,
79,-104.52497060113005,3389.969665527821,205139.42738253006,0.0,21.0,
80,-141.05087868045854,3433.261683860935,216768.45253556353,0.0,21.0,1169.2666379470827
81,-158.03419083594764,3348.419416893959,206850.2822840433,0.0,22.0,
82,-229.86922822223295,3415.328722660303,235845.19055996762,0.0,22.0,
83,-190.7432120732274,3504.9625513231754,229056.31445360338,0.0,22.0,
84,-235.561962454174,3410.954758374691,235318.59881308937,0.0,23.0,
85,-205.42496009043884,3366.2753659057616,222709.2804559543,0.0,23.0,957.0348801116944
86,-193.50338132074802,3284.213604573667,219976.52209738395,0.0,23.0,
87,-167.66512507579267,3429.04896033366,218556.17480101858,0.0,24.0,
88,-131.56140920478873,3490.2292633285524,217714.10083420432,0.0,23.0,
89,-176.046573053821,3416.8461375428437,226150.025108482,0.0,23.0,
90,-156.2552206012254,3279.805462317042,215279.1115626063,0.0,23.0,869.4638592643738
91,-217.27386211124715,3475.5452951136826,232896.20017657054,0.0,23.0,
92,-242.84277589377817,3315.7873933782575,239712.91134798463,0.0,23.0,
93,-220.06839301377582,3428.0297894390224,237874.72051860532,0.0,23.0,
94,-222.8372385597292,3355.8709595103264,229037.91330534176,0.0,23.0,
95,-268.46502511230835,3415.0578035218714,245496.67692612018,0.0,23.0,931.2329573516845
96,-277.05127599557164,3380.945837013364,248597.6493035768,0.0,23.0,
97,-244.99510053893923,3544.534887178898,253743.1036703799,0.0,24.0,
98,-271.8454003928877,3412.1921750133038,242096.68935167973,0.0,24.0,
99,-253.43027328421547,3415.058002016306,239092.82756523712,0.0,26.0,
100,-190.658015049343,3351.1277089634536,224526.3929894146,0.0,26.0,1334.2575792541504
101,-227.8711869477553,3489.9115496217014,240145.2210576016,0.0,26.0,
102,-282.98300567466407,3472.4545724463464,244076.4714626781,0.0,17.0,
103,-251.05799556269724,3333.3040142085924,235575.0575729947,0.0,17.0,
104,-287.70467253948374,3458.0441398563385,253624.1799378761,0.0,17.0,
105,-284.56550505690416,3361.2541321679355,242367.41080812365,0.0,17.0,1565.0480012550354
106,-237.03133704577945,3466.450500367403,248196.6237247877,0.0,18.0,
107,-255.34049924013274,3336.5328826866744,234059.39999601038,0.0,17.0,
108,-267.00448694859654,3410.560393550873,249780.37555694,0.0,18.0,
109,-243.0449200258914,3397.151213692963,234614.4663650748,0.0,18.0,
110,-221.73998189019179,3357.281345455885,226060.48294131202,0.0,18.0,1401.5809930114747
111,-265.791432124916,3423.9234826608895,237239.87145679342,0.0,18.0,
112,-300.07433131006746,3438.028021163821,244445.6330933292,0.0,18.0,
113,-320.09913874431794,3500.76806802845,257435.10844721552,0.0,18.0,
114,-446.5463037869632,3495.05386223416,282066.16321378265,0.0,18.0,
115,-483.7299642148493,3413.9381343569758,292030.5124214343,0.0,18.0,1621.8720646400452
116,-416.7863819164629,3309.416971480489,276496.80302988953,0.0,18.0,
117,-441.57312735232534,3372.4398473813535,283862.5533300118,0.0,18.0,
118,-390.2839339300281,3405.95201520288,278340.3461354823,0.0,18.0,
119,-445.581686429526,3392.826622392625,280092.4484242233,0.0,19.0,
120,-444.44840723413836,3423.918541306734,293103.96686199843,0.0,19.0,929.0281663751603
121,-471.5316916373789,3455.4636351003646,297578.0480262613,0.0,19.0,
122,-453.78200280067557,3381.3612621541024,294199.4073688553,0.0,19.0,
123,-400.00446877566424,3410.2170109910257,286704.54183624097,0.0,19.0,
124,-562.4330642952347,3427.707472678423,326491.97021375765,0.0,19.0,
125,-439.2226392757793,3368.5461395344137,296576.96139458497,0.0,19.0,1809.286038082123
126,-468.1384845441412,3503.3247459738254,309404.4881673007,0.0,19.0,
127,-392.191919530967,3425.7183196749984,280632.8729695128,0.0,20.0,
128,-470.1667131223381,3399.0320341039896,302031.7946116781,0.0,20.0,
129,-445.0718060960928,3479.189403948784,314439.1882689154,0.0,20.0,
130,-387.55207305767607,3316.214863191366,285590.8997006413,0.0,20.0,1768.6546021804809
131,-529.2873429168179,3566.4271262276507,338984.54143670405,0.0,20.0,
132,-517.5226371306802,3519.1250298981668,328757.4547563945,0.0,20.0,
133,-472.3992446192043,3435.134259265363,305703.03099562955,0.0,20.0,
134,-432.2559700186448,3380.8946973528864,288074.7732569306,0.0,19.0,
135,-549.9485430528529,3385.8166558982134,317261.14699672797,0.0,19.0,1550.9936364440916
136,-698.4029169780384,3390.1695909762384,355181.00107628084,0.0,19.0,
137,-574.1364475454525,3430.682901319444,332021.9373054759,0.0,19.0,
138,-653.5387648500213,3408.1672315545084,349130.6913549974,0.0,19.0,
139,-618.0748386007548,3421.4939868323804,372863.7265476065,0.0,19.0,
140,-842.008336092706,3396.3697518533468,428721.50414100674,0.0,19.0,1881.8631131858824
141,-771.7693987834456,3445.3327930417063,418663.2086340857,0.0,19.0,
142,-672.5291513421793,3385.9107012719214,398054.69128799933,0.0,19.0,
143,-668.754609251679,3464.7193331578674,404887.2545796401,0.0,19.0,
144,-589.067438030501,3432.5979539392592,372312.48017849744,0.0,19.0,
145,-542.1869691730647,3424.898010144234,356234.6852540347,0.0,19.0,1958.1107634010316
146,-607.8225458026459,3406.5211051314473,382009.79836449877,0.0,19.0,
147,-690.9428971398689,3407.7307469005586,411709.31698545464,0.0,19.0,
148,-1024.2635213921715,3335.489529991746,517462.9965830799,0.0,19.0,
149,-1103.5738788666206,3360.0674874441625,556880.3848870988,0.0,19.0,
150,-1265.273532590839,3418.24700174427,590772.4354560019,0.0,22.0,2059.6855260133743
151,-1367.98267390444,3470.929983996868,668561.3125924964,0.0,22.0,
152,-1914.9864867488557,3304.1119334635737,803667.821749989,0.0,22.0,
153,-1584.4164894131543,3418.3827687340977,770420.0144256856,0.0,22.0,
154,-2121.1261029534526,3293.7684268854855,982891.4742276294,0.0,22.0,
155,-2593.88533051375,3333.442027114451,1165715.6730083704,0.0,22.0,2064.6572795124052
156,-2317.132622775482,3383.824275972605,1063244.4277989967,0.0,22.0,
157,-2500.88964624557,3293.960363555193,1072772.612052663,0.0,22.0,
158,-2287.0588075553346,3333.030225893993,1035927.8617622752,0.0,19.0,
159,-3033.3288545980977,3369.332449049175,1345422.9218979492,0.0,19.0,
160,-2812.263994013057,3337.6181412030755,1261591.878263012,0.0,19.0,2181.689112400055
161,-3078.3640925124637,3391.806544235945,1376871.4066472678,0.0,19.0,
162,-3192.0083689768085,3312.217790567756,1409647.850342442,0.0,19.0,
163,-3185.530363884897,3245.8704980971443,1367153.1366626564,0.0,19.0,
164,-3159.179540599149,3365.1872060332894,1398280.541407629,0.0,19.0,
165,-2389.82533713812,3284.354469038725,1045784.0073306103,0.0,19.0,2072.826466831207
166,-3109.7181674588956,3345.5850025207997,1322834.9557235877,0.0,20.0,
167,-2225.614532549958,3263.4976825437548,956858.1285036068,0.0,20.0,
168,-2176.0375835545933,3262.4799036492705,946628.3114171079,0.0,20.0,
169,-2472.855806025952,3359.385127931237,977922.435247529,0.0,20.0,
170,-2178.2754675415435,3327.8608116037844,953054.947474743,0.0,20.0,2093.087541065216
171,-2400.854841056574,3311.1141288692356,1028567.9202298629,0.0,21.0,
172,-2031.1195403952884,3361.3006163759233,829530.404449994,0.0,22.0,
173,-1560.274543708736,3377.02993466198,620009.7359703089,0.0,22.0,
174,-1579.3304904808588,3462.7586392759085,625980.3662218313,0.0,22.0,
175,-1321.6867601900276,3373.142867052078,536035.6839987477,0.0,21.0,2311.381913284302
176,-1383.6985539965667,3350.0148423011897,611860.6941614366,0.0,21.0,
177,-1770.922791417837,3380.0675937622786,766538.1772672457,0.0,21.0,
178,-1720.1491953941108,3393.359599794507,692042.6994074374,0.0,20.0,
179,-1711.271885289742,3390.269238479793,663175.0754539432,0.0,20.0,
180,-2118.8321775397294,3443.516793436289,837109.5969647559,0.0,20.0,2167.988359676361
181,-2045.304023735072,3349.0692829784157,791103.2483168453,0.0,20.0,
182,-1396.7965194523606,3361.270717941858,604213.2551560905,0.0,21.0,
183,-1561.011712956057,3424.9672655053846,633964.3348111133,0.0,22.0,
184,-1665.4257108508973,3336.6793942249233,676159.3058676767,0.0,22.0,
185,-1912.9599412615635,3413.198388466001,712267.2212584823,0.0,23.0,2249.2177873039245
186,-1642.2184554737787,3385.507636492968,602272.7093994978,0.0,23.0,
187,-1552.1462614841219,3492.840886129737,618260.7792733598,0.0,23.0,
188,-1440.415634493386,3307.5999168202875,557573.5111773906,0.0,23.0,
189,-1119.8758437139377,3349.1782831404807,467543.401634264,0.0,23.0,
190,-1574.0179944920837,3433.7933529884817,598910.0094742734,0.0,23.0,2224.613592300415
191,-1543.1736605829979,3386.678054513654,595856.3018817927,0.0,23.0,
192,-2113.0266056214477,3299.1754659202097,760648.5266821404,0.0,23.0,
193,-1282.319817600024,3376.866729477823,504402.25880447304,0.0,23.0,
194,-1117.5032392161506,3382.3011284902095,451305.2592280053,0.0,22.0,
195,-987.955610638599,3348.138497890949,443974.4764938253,0.0,22.0,2120.2644585914613
196,-845.8712164224265,3372.2551865659952,432752.87348729133,0.0,22.0,
197,-852.251823790309,3405.5488919591903,434932.05325431284,0.0,22.0,
198,-1169.052030513905,3538.938843966812,514729.1616307757,0.0,22.0,
199,-762.0474004373294,3375.7653190912606,409564.24854797183,0.0,22.0,
200,-667.8684148036074,3443.007594693899,376495.94899655174,0.0,22.0,2349.9372912273407
