,Depot,70017458,70017459,70017496,70017505,70017526,70017539,70017600,70018354,70018486,70019315,70019322,70019375,70019381,70019384,70019391,70019392,70019410,70019425,70019426,70019459,70019475,70019476,70019480,70019482,70019513,70019527,70019549,70019554,70019564,70020103,70029285,70030492,70030499,70030842,70031292,70031293,70034004,70042197,70043250,70043420,70081032,70082414,70083842,70084418,70084927,70084983,70130674,70130675,70132664,70132665,70133553,70138438,70155196,70155987,70238985,70244565,70246377,70248476,70286419,70288587,70337217,70337705,70343296,70347238,70351598,70361410,70362005,70373907,70374983,70375866,70382544,70382797,70390788,70390791,70390799,70395155,70396492,70398370,70398392,70400253,70401488,70408061,70408272,70408277,70408280,70412170,70428043,70433908,70435202,70450886,70464520,70465560,70484079,70490240,70494785,70494786,70494791,70521396,70521405,70525152,70535019,70544149,70548634,70556250,70584255
Depot,0.0,46852.8,45889.4,47796.2,46301.4,50778.1,52987.5,59798.9,46200.6,57002.4,48247.5,60007.9,60087.6,62828.3,50207.2,49745.4,47170.0,59865.1,54722.7,55548.9,33357.1,53579.6,62696.9,40628.1,62643.7,54112.0,9007.0,55170.6,63661.4,47077.5,48177.4,33712.6,59447.0,75395.4,45414.7,43574.5,51395.4,49776.4,56411.9,35330.4,49052.5,41584.6,43185.2,45919.7,54791.8,53188.3,55524.1,58699.8,49386.4,32788.2,63297.8,46971.8,58987.1,37883.4,49544.5,51827.7,50056.3,54864.8,80447.5,60089.3,60063.2,63968.3,59372.9,48560.9,56451.7,45464.0,53415.5,64840.0,49395.3,61074.2,62943.4,41320.5,46571.3,54016.7,59011.4,50344.8,47552.6,60630.7,51125.3,52250.3,47443.8,46252.4,46789.3,64338.2,62254.3,48635.9,61204.5,41568.9,46703.0,45555.3,75249.1,47910.1,35407.6,62249.7,48630.9,55041.4,53329.4,50570.1,70497.6,38147.0,58796.2,49991.7,30797.7,58619.2,49684.6,46460.2
70017458,46592.2,0.0,891.8,3930.4,815.5,7077.5,9286.9,16098.3,6310.8,13301.8,4546.9,16307.3,16387.0,18243.5,6506.6,4408.2,4870.6,16164.5,16835.0,22513.2,24427.4,19205.0,16854.7,30354.0,18058.9,6719.6,45136.4,13613.6,19076.5,5011.5,8673.2,23092.2,22587.4,31694.8,5283.5,8388.9,7694.9,10335.7,15405.9,22122.1,2593.9,9475.2,6036.6,2009.8,16904.1,9487.7,22488.3,14999.3,5685.9,24189.7,30262.0,8437.7,17182.3,10206.5,5843.9,8127.1,9349.0,16670.9,43587.8,23229.6,23203.5,19383.4,22513.2,2102.3,15445.7,2427.6,9714.9,20255.2,3567.0,17373.7,18358.6,29634.5,8037.1,12479.7,17206.6,6644.2,5481.2,16930.1,7424.7,10386.2,5037.6,1498.9,6094.6,19753.4,29218.6,2807.6,16619.7,9459.5,4403.6,2281.7,31548.5,2081.8,27544.8,18549.1,2802.5,13484.4,11792.4,6869.5,26797.1,11198.3,21936.5,6291.1,27037.1,21759.5,5984.1,2594.4
70017459,45972.9,877.6,0.0,3022.9,525.2,7744.6,9954.0,16765.4,4606.7,13968.9,5214.0,16974.4,17054.1,18910.5,7173.6,4830.4,6800.9,16831.6,17502.1,23180.2,22723.3,19872.1,17521.8,28649.8,18725.9,5801.8,44517.1,14280.6,19743.6,5678.6,9340.2,21388.1,23254.4,32361.9,7617.8,10527.0,8361.9,11002.8,16073.0,20417.9,3016.1,8555.7,5117.0,2162.8,17571.2,10154.8,23155.4,15666.3,6352.9,22485.6,30929.1,9104.7,17849.3,9587.2,6510.9,8794.2,10016.0,17337.9,44254.8,23896.7,23870.6,20050.5,23180.3,2524.5,16112.8,1508.1,10382.0,20922.2,2805.9,18040.7,19025.7,27930.4,8704.2,13146.8,17873.7,7311.2,6148.3,17597.2,8091.7,11053.3,5704.7,2302.0,6761.7,20420.4,29885.6,1873.0,17286.7,8539.9,5774.6,1937.7,32215.6,1278.2,25840.7,19216.1,1868.0,14151.4,12459.5,7536.6,27464.1,10579.0,22603.5,6958.2,25333.0,22426.6,6651.1,1686.8
70017496,47676.0,3108.9,3102.5,0.0,3288.0,9591.9,11801.3,18612.7,4840.8,13384.8,7061.3,18821.7,18901.4,20757.9,9021.0,6677.7,8648.2,18678.9,19349.4,25027.5,20691.3,21719.4,19369.1,26617.8,20573.2,8432.2,46220.2,16127.9,21590.9,7525.9,11187.6,19356.1,25101.7,33208.8,9465.2,12374.4,10209.2,12850.1,17920.3,18385.9,4863.4,10721.8,6989.3,4970.2,19418.5,12002.1,25002.7,17513.6,8200.3,20453.6,32776.4,10952.0,19696.6,11290.3,8358.3,9764.1,11863.3,19185.2,46102.1,25744.0,25717.9,21897.8,25027.6,4371.8,17960.1,5460.4,12229.3,22769.6,5206.2,19888.0,20873.0,25898.4,10551.5,14994.1,19721.0,9158.6,7995.6,19444.5,9939.1,12900.6,7552.0,4459.3,8609.0,22267.8,31733.0,4446.8,19134.0,10706.0,7622.0,5242.1,33062.4,3721.0,23808.7,21063.5,4441.8,15998.8,14306.8,9383.9,28311.0,12282.0,24450.9,8805.5,23300.9,24273.9,8498.4,2446.4
70017505,45750.6,960.5,189.3,3227.9,0.0,7827.5,10036.9,16848.3,4823.7,14051.8,5296.9,17057.3,17137.0,18993.4,7256.5,4913.3,6883.8,16914.5,17585.0,23263.1,22940.4,19955.0,17604.7,28866.9,18808.8,5884.7,44294.7,14363.5,19826.5,5761.5,9423.1,21605.2,23337.3,32444.8,7700.8,10609.9,8444.8,11085.7,16155.9,20635.0,3099.0,8772.7,5334.1,1940.4,17654.1,10237.7,23238.3,15749.2,6435.8,22702.7,31012.0,9187.6,17932.2,9364.8,6593.8,8877.1,10098.9,17420.8,44337.7,23979.6,23953.5,20133.4,23263.2,2607.4,16195.7,1725.2,10464.9,21005.1,2888.8,18123.6,19108.6,28147.5,8787.1,13229.7,17956.6,7394.1,6231.2,17680.1,8174.6,11136.2,5787.6,1975.5,6844.6,20503.3,29968.5,1955.9,17369.6,8757.0,5857.6,1715.3,32298.5,1361.1,26057.8,19299.0,1950.9,14234.3,12542.4,7619.5,27547.0,10356.6,22686.4,7041.1,25550.0,22509.5,6734.0,1891.9
70017526,49317.0,6110.8,5921.0,8036.2,5844.7,0.0,4495.6,11307.0,8384.5,8510.5,2292.7,11516.0,11595.7,13452.1,2486.5,2242.2,5741.6,11373.2,12043.7,17721.8,26501.2,14413.7,12063.4,32427.7,13267.5,3443.9,47861.1,8822.2,14285.2,5196.1,6388.5,25166.0,17796.0,26903.5,7360.0,9266.7,2914.3,7029.6,10614.6,24195.8,4714.7,12361.4,8922.8,4758.6,12112.8,4696.4,17697.0,10207.9,2787.7,26263.5,25470.7,6153.0,12390.9,12941.6,3559.2,2161.4,6042.8,11879.5,38796.4,18438.3,18412.2,14592.1,17721.9,4223.1,10654.4,5953.0,4923.6,15463.9,4926.1,12582.3,13567.3,31708.3,5752.5,7688.4,12415.3,759.3,3771.5,12138.8,2017.8,5594.9,4334.5,4406.0,5379.8,14962.1,24427.3,6484.5,11828.3,10192.1,4851.6,4358.2,26757.2,5758.7,29618.5,13757.8,6479.5,8693.1,7001.1,2785.0,22005.7,13323.4,17145.2,2243.4,29110.8,16968.2,1340.4,6609.1
70017539,52901.0,9694.8,9505.1,11620.3,9428.8,3735.4,0.0,9864.2,11968.6,7067.7,5876.8,10073.2,10152.9,12009.4,4674.4,5826.3,7678.4,9930.4,8833.4,14511.5,30085.2,11203.4,10620.6,36011.8,11824.7,6126.2,51445.2,5611.9,12842.4,8780.2,6790.1,28750.0,14585.7,25460.7,8864.5,10699.4,2218.0,5939.0,7404.3,27779.8,8298.8,12427.0,12506.8,8342.7,8902.5,3252.8,14486.7,8765.1,4938.4,29847.5,22260.4,7587.5,9180.6,16525.7,7143.3,4533.4,4952.3,8669.2,35586.1,15228.0,15201.9,13149.3,14511.6,7807.2,7444.1,9537.1,3479.9,14021.1,8510.2,11139.5,12124.5,35292.3,7186.9,4478.1,9205.0,4635.0,7355.5,10696.0,3830.9,2384.6,7918.5,7990.0,7316.5,13519.3,21217.0,10068.6,10385.5,11624.7,7921.7,7942.2,25314.4,9342.8,33202.6,12315.0,10063.6,5482.8,3790.8,3005.0,20563.0,16907.5,13934.9,4086.7,32694.9,13757.9,4924.4,10193.2
70017600,59631.6,16425.4,16235.6,18350.9,16159.4,10466.0,8510.5,0.0,18699.1,3700.6,12607.4,928.4,1008.1,4571.7,11404.9,12556.9,13600.6,785.6,9917.5,15605.6,36815.8,12287.5,1475.8,42742.3,5877.7,12856.8,58175.7,3884.3,3311.9,14185.1,12537.5,35480.6,15669.9,12902.1,14786.7,16621.5,10480.3,12082.2,8488.4,34510.4,15029.4,18349.2,19237.4,15073.2,9986.6,8038.4,15580.7,4066.2,11669.0,36578.1,23354.5,13509.7,5894.5,23256.3,13219.9,11263.9,11095.4,9753.4,38323.2,16312.1,16286.0,7166.0,15595.7,14537.7,8528.2,16267.6,7817.6,4967.2,15240.8,1275.3,6141.1,42022.9,13109.1,9350.1,5918.8,11365.6,12895.1,831.8,10561.4,9082.2,13132.1,14720.6,13238.7,7535.9,22311.0,16799.1,2659.0,17546.9,13843.9,14672.8,12580.2,16073.4,39933.2,2450.7,16794.1,4013.4,8647.3,11631.7,7828.8,23638.1,15019.0,10817.3,39425.4,15952.9,11655.0,16923.7
70018354,45199.5,4538.5,3677.1,5586.2,3739.7,8562.0,10771.3,17582.8,0.0,14786.2,6031.4,17791.7,17871.4,19727.9,7991.0,7529.3,6438.0,17648.9,18319.4,26607.8,20586.2,20689.5,18339.2,26512.8,19543.3,11204.5,43743.6,15098.0,20561.0,6447.2,10157.6,19251.0,24071.8,33179.3,7013.7,11126.9,9179.3,11820.2,16890.4,18280.9,5645.6,8243.9,4805.3,3703.5,18388.6,10972.2,26583.0,16483.7,7170.3,20348.5,34356.7,9922.1,18666.7,8824.1,7328.3,9611.6,10833.4,18155.3,45072.2,24714.1,24687.9,20867.9,23997.7,5154.0,16930.2,3251.7,11199.3,21739.6,7185.3,18858.1,19843.1,25793.3,9521.5,13964.2,18691.0,8128.6,7540.6,18414.6,8909.1,11870.7,6535.0,4036.3,6889.9,21237.8,33313.3,5443.7,18104.1,8228.2,5971.0,3339.1,33032.9,5700.1,23703.6,20033.5,5438.7,14968.8,13276.9,8354.0,28281.5,9206.0,23420.9,7775.5,23195.9,23244.0,7468.5,4250.2
70018486,57209.9,14003.7,13813.9,14036.3,13737.6,8044.3,7533.9,3434.6,16277.4,0.0,10185.6,3643.6,3723.3,7032.8,8983.2,10135.1,12624.0,3500.8,11388.6,17076.7,34394.1,13758.7,4191.0,40320.6,6848.2,9307.2,55754.0,4305.4,7865.9,13208.5,11560.9,33058.9,17141.0,16336.7,13810.1,15644.9,8058.6,11105.6,9959.5,32088.7,12607.6,17372.6,16815.6,12651.5,11457.7,5617.8,17051.8,3788.6,9247.2,34156.4,24825.6,12533.1,7365.6,20834.5,12243.3,8842.2,10118.8,11224.5,38141.4,17783.2,17757.1,8172.8,17066.8,12116.0,9999.4,13845.9,5395.9,9044.5,12819.0,4709.9,7147.9,39601.2,12132.5,8357.9,7389.9,8943.9,11918.5,4266.4,8139.7,8105.6,12155.5,12298.9,12262.1,8542.7,23782.1,14377.4,5409.0,16570.3,12867.3,12251.0,16014.8,13651.6,37511.4,5885.3,14372.4,4434.6,7670.7,9210.0,11263.4,21216.3,16490.1,8395.6,37003.7,16959.8,9233.3,14502.0
70019315,48740.2,5534.0,5344.3,7459.5,5268.0,3352.3,5561.7,12373.1,7807.8,9576.6,0.0,12582.1,12661.8,14518.2,2781.3,4174.2,4545.6,12439.3,13109.8,18787.9,25924.4,15479.8,13129.5,31851.0,14333.6,5994.8,47284.4,9888.3,15351.3,4000.1,5192.5,24589.2,18862.1,27969.6,5462.2,8070.7,3969.6,6855.0,11680.7,23619.1,2770.0,9798.3,8346.0,4181.9,13178.9,5762.5,18763.0,11274.0,1960.6,25686.7,26536.8,4957.0,13457.0,12364.9,2363.2,4401.9,5868.3,12945.6,39862.5,19504.4,19478.3,15658.2,18788.0,3646.4,11720.5,5376.3,5989.6,16529.9,4114.0,13648.4,14633.4,31131.5,4556.4,8754.5,13481.4,2918.9,2575.4,13204.9,3699.4,6661.0,3138.4,3829.3,4183.7,16028.1,25493.3,5907.8,12894.4,8996.1,3655.6,3781.4,27823.3,5182.0,29041.8,14823.8,5902.8,9759.1,8067.2,3079.8,23071.8,12746.7,18211.2,2565.9,28534.1,18034.3,3208.3,6032.4
70019322,60344.1,17137.9,16948.1,19063.4,16871.9,11178.5,9243.1,905.0,19411.7,4109.9,13319.9,0.0,380.8,4079.7,12117.4,13269.4,14333.1,269.4,9189.5,14877.5,37528.3,11559.5,747.7,43454.8,4649.0,13569.3,58888.3,3156.2,2819.9,14917.7,13270.0,36193.1,14941.8,13781.3,15519.3,17354.1,11192.9,12814.7,7760.4,35222.9,15741.9,19081.7,19949.9,15785.7,9258.6,8750.9,14852.7,3338.1,12381.5,37290.6,22626.4,14242.2,5166.4,23968.8,13952.4,11976.4,11828.0,9025.3,35942.2,15584.1,15558.0,5973.6,14867.7,15250.2,7800.2,16980.2,8530.1,4475.3,15953.3,2154.5,4948.8,42735.4,13841.7,8622.1,5190.8,12078.1,13627.7,1711.0,11274.0,9814.7,13864.6,15433.1,13971.3,6343.6,21583.0,17511.6,1761.4,18279.5,14576.5,15385.3,13459.5,16785.9,40645.7,3330.0,17506.6,3285.4,6919.8,12344.2,8708.0,26025.1,14290.9,11529.8,40137.9,14760.6,12367.5,17636.2
70019375,60425.7,17219.5,17029.7,19144.9,16953.4,11260.1,9324.7,1188.7,19493.2,4393.6,13401.4,334.0,0.0,4602.6,12199.0,13350.9,14414.7,191.2,9271.0,14959.1,37609.9,11641.1,829.3,43536.4,4730.6,13650.9,58969.8,3237.8,3342.8,14999.2,13351.6,36274.7,15023.4,14065.0,15600.8,17435.7,11274.4,12896.3,7841.9,35304.5,15823.4,19163.3,20031.5,15867.3,9340.1,8832.5,14934.2,3419.7,12463.0,37372.2,22708.0,14323.8,5248.0,24050.3,14034.0,12058.0,11909.5,9106.9,36023.8,15665.7,15639.5,6055.2,14949.2,15331.8,7881.8,17061.7,8611.7,4998.1,16034.9,2438.2,5030.4,42817.0,13923.2,8703.6,5272.3,12159.7,13709.2,1994.7,11355.5,9896.3,13946.2,15514.7,14052.8,6425.1,21664.5,17593.2,1869.5,18361.0,14658.0,15466.9,13743.2,16867.4,40727.3,3613.6,17588.2,3367.0,7001.4,12425.8,8991.7,26106.7,14372.5,11611.4,40219.5,14842.2,12449.1,17717.8
70019381,61465.1,18258.9,18069.2,20184.4,17992.9,12299.5,10364.1,4769.1,20532.7,6901.3,14440.9,4043.5,4359.7,0.0,13238.4,14390.4,15454.2,4312.8,10115.4,15803.5,38649.3,12485.5,3812.1,44575.9,1377.2,14690.3,60009.3,4277.2,2358.5,16038.7,14391.1,37314.1,12553.1,17712.4,16640.3,18475.1,12313.9,13935.7,8686.4,36343.9,16862.9,20202.8,21070.9,16906.7,10184.6,9871.9,15778.7,4459.1,13502.5,38411.6,23552.4,15363.3,6092.4,26692.5,15073.5,13097.4,12949.0,9951.3,33822.6,13195.4,13169.2,2665.4,12478.9,16371.3,8726.2,18101.2,9651.2,3537.1,17074.3,6044.5,1640.5,43856.4,14962.7,9548.0,6116.7,13199.1,14748.7,5600.9,12395.0,10935.7,14985.7,16554.1,15092.3,3035.3,22509.0,18632.7,2319.7,19400.5,15697.5,16506.3,17390.6,17906.9,41766.7,7261.1,18627.6,4406.4,8040.9,13465.3,12639.1,26951.1,11990.0,12650.8,41259.0,11452.3,13488.5,18757.3
70019384,51066.3,7860.1,7670.4,9785.6,7594.1,1901.8,4102.0,10913.5,10133.9,8116.9,4042.1,11122.4,11202.1,13058.6,0.0,3991.6,5743.7,10979.6,11650.1,17328.3,28250.5,14020.2,11669.8,34177.0,12874.0,4324.2,49610.5,8428.7,13891.7,4295.0,4855.4,26915.3,17402.5,26510.0,6929.8,8764.7,1516.6,5030.8,10221.0,25945.1,6464.1,10492.3,10672.1,6507.9,11719.2,4302.9,17303.4,9814.4,1365.2,28012.8,25077.2,5652.8,11997.4,14691.0,2658.1,2731.4,4044.0,11486.0,38402.9,18044.8,18018.6,14198.6,17328.3,5972.5,10260.9,7702.4,4530.0,15070.3,6675.5,12188.8,13173.7,33457.6,5252.3,7294.8,12021.7,2800.3,2910.7,11745.3,2028.9,5201.3,3433.3,6155.3,5381.9,14568.5,24033.7,8233.9,11434.8,9690.1,3950.5,6107.5,26363.6,7508.1,31367.9,13364.2,8228.8,8299.5,6607.6,458.6,21612.2,15072.8,16751.6,870.8,30860.2,16574.7,3089.7,8358.5
70019391,49661.3,4627.7,4706.9,6553.1,4630.7,2171.9,6394.9,13206.3,8728.8,10409.8,3806.7,13415.3,13495.0,15351.5,3537.6,0.0,7095.4,13272.5,13943.0,19621.2,26845.5,16313.0,13962.7,32772.0,15166.9,2509.7,48205.5,10721.6,16184.5,5973.1,7902.5,25510.3,19695.4,28802.8,7912.4,10780.7,4813.6,8408.3,12513.9,24540.1,2526.4,12705.7,9267.1,5102.9,14012.1,4178.0,19596.3,12107.3,4301.7,26607.8,27370.0,7667.0,14290.3,13286.0,5073.2,2417.8,7421.5,13778.9,40695.8,20337.6,20311.5,16491.4,19621.2,2975.6,12553.8,6297.4,6822.9,17363.2,3870.5,14481.7,15466.6,32052.6,7266.4,9587.7,14314.6,2454.6,5285.5,14038.2,2979.7,7494.2,5999.2,3892.8,7056.3,16861.4,26326.6,5001.4,13727.7,11706.1,6069.2,4702.5,28656.5,4275.6,29962.9,15657.1,4996.4,10592.4,8900.4,3836.1,23905.1,13667.8,19044.5,4142.7,29455.1,18867.5,1398.8,5126.0
70019392,46789.0,6213.1,6023.3,8138.5,5947.0,6541.8,6388.0,13011.2,9299.8,12766.1,4011.2,13220.1,13299.8,15156.3,4094.3,5801.4,0.0,13077.3,12554.8,18232.9,25450.9,14924.8,13767.5,32461.2,14971.7,8258.4,45333.2,9353.4,15989.4,1398.3,3563.3,24115.7,18307.1,29637.9,2337.5,4172.3,5450.7,5225.9,11125.7,23145.5,4817.0,5900.0,6284.4,4028.2,12623.9,8952.0,18208.1,11912.1,5150.1,25213.2,25981.8,1950.8,10936.5,10328.2,1437.2,6665.5,4239.1,12390.6,39307.5,18949.4,18923.3,16296.3,18233.0,4325.4,11165.5,5298.2,9179.1,17168.0,7346.2,14286.5,15271.4,31741.8,1550.2,8199.5,10960.9,6108.4,1215.1,13843.0,5963.0,6433.0,1109.9,3775.8,451.9,16666.2,24938.4,6586.8,13532.5,5097.7,1057.1,3700.7,29491.6,5861.0,29652.0,15461.9,6581.8,9224.2,7512.2,4059.6,24740.2,10268.5,17656.3,4619.7,28060.5,17479.3,5740.7,6711.4
70019410,60286.6,17080.4,16890.6,19005.9,16814.4,11121.0,9185.6,1047.8,19354.1,4252.7,13262.4,142.8,323.2,4222.5,12059.9,13211.9,14275.6,0.0,9131.9,14820.0,37470.8,11502.0,690.2,43397.3,4591.5,13511.8,58830.7,3098.7,2962.7,14860.2,13212.5,36135.6,14884.3,13924.1,15461.7,17296.6,11135.3,12757.2,7702.9,35165.4,15684.4,19024.2,19892.4,15728.2,9201.1,8693.4,14795.2,3280.6,12324.0,37233.1,22568.9,14184.7,5108.9,23911.3,13894.9,11918.9,11770.4,8967.8,35884.7,15526.6,15500.4,5916.1,14810.2,15192.7,7742.7,16922.6,8472.6,4618.1,15895.8,2297.3,4891.3,42677.9,13784.2,8564.5,5133.2,12020.6,13570.2,1853.8,11216.4,9757.2,13807.1,15375.6,13913.8,6286.0,21525.4,17454.1,1730.4,18222.0,14519.0,15327.8,13602.3,16728.4,40588.2,3472.8,17449.1,3227.9,6862.3,12286.7,8850.8,25967.6,14233.4,11472.3,40080.4,14703.1,12310.0,17578.7
70019425,54657.9,17065.2,16875.4,18990.6,16799.1,11105.8,7937.6,10099.4,19338.9,12231.5,13638.4,9373.7,9689.9,9273.7,10901.3,13196.6,12979.4,9643.0,0.0,6905.6,38314.6,2688.9,9142.3,43382.1,9089.1,13496.6,53202.0,7465.5,10106.8,13564.0,12816.9,36979.4,6071.2,22383.9,14165.5,13975.6,9588.3,11461.0,1707.7,36009.3,15669.1,16235.1,18271.5,15713.0,87.7,10623.1,6880.7,9789.3,12308.7,38076.9,14654.4,12888.5,5432.5,18199.3,12598.7,11903.7,10474.2,160.6,27071.6,6713.4,6687.3,10413.7,5997.0,15177.5,1747.6,16907.4,10850.3,11285.4,15880.5,11374.7,9388.9,42662.7,12488.0,4917.8,5456.9,12005.4,12274.0,10931.2,11201.2,8509.3,12510.9,15360.4,12617.6,10783.6,13611.0,17438.9,7649.9,16925.8,13222.8,15312.5,22062.1,16713.1,40572.9,11932.6,17433.9,7336.3,7157.1,10421.7,17310.6,18457.9,5420.3,11457.1,40924.3,5243.4,12294.8,17563.5
70019426,55269.6,22655.5,22465.8,24581.0,22389.5,16696.1,13528.0,15704.0,27128.2,17836.1,19228.7,14978.3,15294.5,14878.3,16491.7,18787.0,18569.8,15247.6,6676.1,0.0,38926.3,5533.1,14746.9,46800.4,14693.7,19086.9,53813.7,13055.9,15711.4,19154.3,13428.6,37591.1,11400.5,27988.5,18498.5,14587.3,15178.7,12829.6,8365.3,36621.0,21259.5,16846.8,24112.8,21303.3,6745.2,16213.5,120.0,15393.9,17899.1,38688.6,7855.0,14424.5,11037.2,18811.0,18189.1,17494.0,16064.6,6818.2,25156.7,12042.8,12016.6,16018.3,11326.4,20767.8,8405.2,22497.8,16440.6,16890.1,21470.9,16979.3,14993.5,46081.0,14726.9,10508.2,11061.5,17595.7,17864.3,16535.8,16791.6,14099.6,18101.3,20950.7,18207.9,16388.3,6811.5,23029.3,13254.5,17882.0,18813.1,20902.9,27666.7,22303.5,43991.3,17537.2,23024.2,12926.7,12747.4,16012.1,22915.2,19069.6,10749.6,17047.4,41536.0,10572.7,17885.1,23153.8
70019459,33479.1,21534.2,21527.8,19629.6,21713.2,26500.2,28709.5,35521.0,18082.1,32724.4,23969.6,35729.9,35809.6,37666.1,25929.2,25467.4,24211.5,35587.1,37106.6,37932.8,0.0,35963.5,36277.4,13165.0,37481.5,27610.0,32326.2,32521.7,38499.2,24119.0,25528.5,583.4,41831.0,51117.5,22456.2,23272.5,27117.5,27127.5,34294.0,2201.2,23288.7,21626.0,19305.8,21641.7,37175.7,28910.4,37908.0,34421.9,25108.5,948.1,45681.7,24322.9,34104.8,19539.2,25266.5,27549.8,27407.4,37248.7,62831.4,42473.2,42447.1,38806.1,41756.8,22797.0,34333.8,21189.9,29137.5,39677.8,23631.5,36796.3,37781.2,13857.5,23922.3,31367.8,34129.2,26066.8,25288.3,36352.8,26847.3,29808.9,24485.3,21974.5,24663.3,39176.0,44638.3,22872.0,36042.3,20823.7,23744.4,21277.3,50971.1,22146.3,6324.6,37971.7,22867.0,32392.5,30680.5,26292.2,46219.7,20531.0,41180.1,25713.7,3795.4,41003.1,25406.7,20871.7
70019475,52387.4,19392.4,19202.6,21317.9,19126.4,13433.0,10264.9,12426.6,24246.0,14558.7,15965.6,11700.9,12017.2,11601.0,13228.6,15523.9,15306.7,11970.3,2345.8,4635.1,36044.1,0.0,11469.6,43918.3,11416.3,15823.8,50931.5,9792.7,12434.0,15891.2,10546.4,34708.9,7070.2,24711.1,15616.3,11705.1,11915.5,9947.4,4035.0,33738.8,17996.4,13964.6,21230.6,18040.2,2414.9,12950.3,4610.2,12116.6,14636.0,35806.4,12383.9,11542.3,7759.8,15928.8,14926.0,14230.9,12801.5,2487.9,28070.6,7712.4,7686.3,12740.9,6996.0,17504.7,4074.8,19234.7,13177.5,13612.7,18207.8,13701.9,11716.1,43198.8,11844.7,7245.0,7784.1,14332.6,14601.2,13258.4,13528.4,10836.5,14838.2,17687.6,14944.8,14147.7,11340.5,19766.1,9977.1,14999.8,15550.0,17639.8,24389.3,19040.4,41109.1,14259.8,19761.1,9663.6,9484.3,12749.0,19637.9,16187.4,6419.3,13784.3,38653.8,6242.3,14622.0,19890.7
70019476,60556.9,17350.7,17160.9,19276.2,17084.7,11391.3,9455.9,1002.6,19624.4,4207.4,13532.6,212.8,593.5,4177.3,12330.2,13482.2,14545.9,482.1,9402.2,15090.3,37741.1,11772.3,0.0,43667.6,5483.3,13782.1,59101.0,3369.0,2917.5,15130.4,13482.8,36405.9,15154.6,13878.9,15732.0,17566.9,11405.6,13027.5,7973.1,35435.7,15954.7,19294.5,20162.7,15998.5,9471.4,8963.7,15065.5,3550.9,12594.2,37503.4,22839.2,14455.0,5379.2,24181.6,14165.2,12189.2,12040.7,9238.1,36155.0,15796.9,15770.7,6186.4,15080.5,15463.0,8013.0,17192.9,8742.9,4572.8,16166.1,2252.1,5161.6,42948.2,14054.5,8834.8,5403.5,12290.9,13840.4,1808.6,11486.7,10027.5,14077.4,15645.9,14184.1,6556.3,21795.7,17724.4,1859.0,18492.3,14789.2,15598.1,13557.0,16998.7,40858.5,3427.5,17719.4,3498.2,7132.6,12557.0,8805.6,26237.9,14503.7,11742.6,40350.7,14973.4,12580.3,17849.0
70019480,54976.3,28315.5,28309.1,26410.9,28494.5,33281.5,35490.8,42302.2,24863.4,39505.7,30750.8,42511.2,42590.9,44447.4,32710.5,32248.7,31934.5,42368.4,45047.3,45873.5,12646.2,43904.3,43058.6,0.0,44262.8,34391.3,39454.6,39817.5,45280.4,31842.1,33469.2,12067.3,49771.7,57898.7,30179.3,31213.2,33898.8,36539.6,41609.8,11408.4,30070.0,31409.4,26087.1,28423.0,45116.4,35691.6,45848.7,41203.2,31889.8,12408.5,53622.4,33885.3,43386.2,27479.9,32047.8,34331.1,35552.9,42874.8,70772.1,50413.9,50387.8,45587.3,49697.5,29578.3,41649.6,27971.2,35918.8,46459.1,30412.7,43577.6,44562.5,1014.1,33484.8,38683.6,43410.5,32848.1,32260.0,43134.1,33628.6,36590.1,32208.3,28755.8,32386.4,45957.3,52579.0,29653.3,42823.6,28764.4,31467.5,28058.6,57752.4,28927.6,7618.3,44753.0,29648.3,39688.3,37996.3,33073.4,53001.0,28471.7,49120.8,32495.0,13882.2,48943.8,32188.0,27652.9
70019482,60877.4,17671.2,17481.4,19596.6,17405.1,11711.8,9776.3,4181.4,19944.9,6313.5,13853.1,3455.7,3772.0,2593.7,12650.7,13802.6,14866.4,3725.1,9527.7,15215.8,38061.6,11897.7,3224.3,43988.1,0.0,14102.6,59421.5,3689.5,3426.8,15450.9,13803.3,36726.4,13621.4,16465.9,16052.5,17887.4,11726.1,13348.0,8098.6,35756.2,16275.1,19615.0,20483.1,16319.0,9596.8,9284.2,15190.9,3871.4,12914.7,37823.9,22964.6,14775.5,5504.6,26104.7,14485.7,12509.7,12361.2,9363.5,34890.9,14263.6,14237.5,3733.6,13547.2,15783.5,8138.4,17513.4,9063.4,4605.4,16486.5,5456.7,2708.8,43268.7,14374.9,8960.3,5529.0,12611.4,14160.9,5013.2,11807.2,10348.0,14397.9,15966.4,14504.5,4103.6,21921.2,18044.9,1731.9,18812.7,15109.7,15918.5,16144.1,17319.1,41178.9,6014.6,18039.9,3818.7,7453.1,12877.5,11392.7,26363.3,13058.3,12063.1,40671.2,12520.6,12900.8,18169.5
70019513,51715.3,5952.4,5946.0,7414.4,6131.4,3848.1,6142.6,12018.3,12080.1,8659.0,5988.4,12227.3,12307.0,12698.6,4476.7,3231.6,9389.5,12084.5,13690.7,19368.9,30196.8,16060.8,12774.7,36123.3,12513.9,0.0,50259.4,9971.2,13531.6,8113.6,8501.3,28861.6,19443.1,27340.9,10575.6,12410.5,4561.3,8676.6,12261.6,27891.4,4666.9,14138.1,12618.4,8454.2,13759.9,2668.1,19344.0,9454.3,4742.1,29959.1,27117.8,9298.6,14038.0,15329.5,7254.9,2165.5,7689.8,13526.6,40443.5,20085.4,20059.2,13838.5,19368.9,7918.7,12301.5,9648.7,3391.9,14710.3,4559.3,13293.7,12813.7,35403.9,8898.1,9335.4,14062.3,4746.6,7467.1,12850.2,2727.4,7242.0,8030.1,8101.6,9027.7,14208.5,26074.3,4709.2,11074.7,13335.9,8547.3,8053.8,27194.5,5255.8,33314.2,14469.1,4704.1,10100.3,8648.2,4703.5,22443.1,16321.3,18792.2,3890.4,32806.4,18615.3,3665.1,5987.3
70019527,9845.1,46662.1,45698.7,47605.5,46110.6,50587.4,52796.8,59608.2,46009.8,56811.7,48056.8,59817.2,59896.9,62637.6,50016.4,49554.7,46979.3,59674.4,54532.0,55358.2,33042.2,53388.9,62506.2,40313.2,62453.0,53921.3,0.0,54979.9,63470.6,46886.8,47986.7,33397.7,59256.3,75204.7,45224.0,43383.8,51204.7,49585.7,56221.2,35015.5,48861.8,41393.9,42994.5,45729.0,54601.1,52997.6,55333.4,58509.1,49195.7,32473.3,63107.1,46781.1,58796.4,37692.7,49353.7,51637.0,49865.6,54674.0,80256.7,59898.6,59872.5,63777.5,59182.2,48370.2,56261.0,45273.3,53224.8,64649.3,49204.6,60883.5,62752.7,41005.6,46380.5,53826.0,58820.7,50154.0,47361.8,60440.0,50934.5,52059.5,47253.1,46061.7,46598.6,64147.5,62063.6,48445.2,61013.8,41378.2,46512.3,45364.5,75058.4,47719.4,35092.7,62058.9,48440.2,54850.7,53138.7,50379.4,70306.9,37956.3,58605.5,49801.0,30482.9,58428.5,49493.9,46269.5
70019549,54524.8,13671.7,13481.9,15597.2,13405.7,7712.3,4544.2,5167.6,15945.5,5501.4,10244.9,4441.9,4758.2,4342.0,7507.9,9803.2,9586.0,4711.3,8697.8,14385.8,33176.5,11067.8,4210.5,39988.6,4157.3,10103.1,53069.0,0.0,5175.0,10170.5,8522.9,31841.3,14450.1,17452.1,10772.1,12606.9,6194.9,8067.6,7268.7,30871.1,12275.7,14334.6,14878.1,12319.5,8766.9,7229.7,14361.0,3059.3,8915.3,32938.8,22134.7,9495.1,4674.7,18444.5,9205.3,8510.2,7080.8,8533.6,35450.5,15092.4,15066.3,5481.9,14376.0,11784.0,7308.5,13514.0,8251.3,6353.7,12487.1,6442.9,4457.1,39269.2,9094.5,2573.0,4699.1,8611.9,8880.5,5999.4,7807.8,5115.8,9117.5,11966.9,9224.1,5851.9,21091.3,14045.5,2718.1,13532.3,9829.3,11919.1,17130.3,13319.7,37179.5,7000.8,14040.4,129.2,3763.6,7028.3,12378.9,18703.1,13799.2,8063.6,35786.1,14268.9,8901.3,14170.0
70019554,62653.8,19447.6,19257.9,21373.1,19181.6,13488.2,11552.8,3140.0,21721.4,8090.0,15629.6,2819.9,3200.7,1259.8,14427.1,15579.1,16642.8,3467.1,11304.1,16992.2,39838.0,13674.2,3089.9,45764.5,2565.8,15879.0,61198.0,5465.9,0.0,17227.4,15579.8,38502.8,13741.8,15353.9,17829.0,19663.8,13502.6,15124.4,9875.1,37532.6,18051.6,21391.5,22259.6,18095.4,11373.3,11060.6,16967.4,5647.8,14691.2,39600.3,24741.1,16551.9,7281.1,27881.2,16262.1,14286.1,14137.7,11140.0,35011.3,14384.0,14357.9,3854.1,13667.6,17559.9,9914.9,19289.9,10839.9,1655.3,18263.0,4415.3,2829.2,45045.1,16151.4,10736.7,7305.4,14387.8,15937.4,3971.8,13583.7,12124.4,16174.3,17742.8,16281.0,4224.0,23697.6,19821.4,3508.4,20589.2,16886.2,17695.0,15032.1,19095.6,42955.4,4902.6,19816.3,5595.1,9229.6,14654.0,10280.7,28139.8,13178.7,13839.5,42447.7,12641.0,14677.2,19945.9
70019564,46508.9,5019.8,4830.0,6945.2,4753.7,5348.5,7557.8,14369.3,9019.7,11572.7,2817.9,14578.2,14657.9,16514.4,4355.9,4608.1,1611.9,14435.4,13458.6,19136.7,25170.7,15828.6,15125.6,32181.1,16329.8,7991.0,45053.1,10257.2,17347.5,0.0,4467.1,23835.5,19210.9,29965.7,2429.1,5130.2,5965.8,6129.7,12029.5,22865.4,3623.7,6857.8,6004.3,3675.7,13527.7,7758.7,19111.9,13270.2,3956.8,24933.1,26885.6,3199.4,11840.3,10048.1,1902.4,6398.1,5142.9,13294.4,40211.3,19853.2,19827.1,17654.4,19136.8,3132.1,12069.3,4870.1,7985.8,18526.1,6152.9,15644.6,16629.5,31461.7,2798.9,9103.3,11864.7,4915.1,1753.5,15201.1,5695.6,7336.9,1121.6,3323.1,1655.6,18024.3,25842.2,5393.5,14890.6,6055.5,624.1,3275.3,29819.4,4667.7,29371.9,16820.0,5388.5,10128.0,8416.0,4321.2,25068.0,10504.9,18560.1,4562.0,27780.4,18383.1,4547.3,5518.1
70020103,47557.7,8732.3,8542.6,10657.8,8466.3,6955.4,6416.9,13040.0,11008.6,12592.9,5182.7,13249.0,13328.7,15185.2,5131.9,8315.1,4525.2,13106.2,12583.7,14421.2,26986.2,12451.9,13796.4,35051.8,15000.5,9377.9,46101.8,9382.2,16018.2,5109.7,0.0,25651.0,18319.3,29666.8,5711.3,5311.8,6570.2,1765.5,11154.6,24680.8,7336.3,8144.3,9817.3,7382.7,12652.8,9356.5,14396.3,11941.0,5913.6,26748.5,22170.1,1767.3,10965.4,11099.1,4143.1,7785.0,2467.7,12419.5,39319.7,18961.6,18935.5,16325.1,18245.2,6844.6,11194.4,8577.1,9583.6,17196.9,9865.5,14315.3,15300.3,34332.3,2069.2,8228.4,10989.7,6871.9,3819.7,13871.8,7082.5,6461.9,4056.7,7030.1,4163.4,16695.1,21126.6,9106.1,13561.3,7342.0,4768.5,6982.2,29520.5,8380.3,32242.6,15490.8,9101.0,9253.1,4870.3,5097.2,24769.1,11357.7,17668.5,5657.3,29595.9,17491.5,7161.3,9230.6
70029285,34114.4,20950.8,20944.4,19046.2,21129.8,25916.8,28126.1,34937.6,17498.7,32141.0,23386.2,35146.5,35226.2,37082.7,25345.8,24884.1,23628.1,35003.7,36523.2,37349.4,1821.1,35380.2,35694.0,13040.1,36898.1,27026.7,32961.5,31938.3,37915.8,23535.6,24945.1,0.0,41247.6,50534.1,21872.8,22689.1,26534.1,26544.1,33710.6,1617.8,22705.3,21042.6,18722.4,21058.3,36592.3,28327.0,37324.6,33838.5,24525.1,1583.4,45098.3,23739.5,33521.4,18955.8,24683.1,26966.4,26824.0,36665.3,62248.0,41889.8,41863.7,38222.7,41173.4,22213.7,33750.4,20606.5,28554.1,39094.4,23048.1,36212.9,37197.9,13732.5,23339.0,30784.4,33545.8,25483.4,24704.9,35769.4,26263.9,29225.5,23901.9,21391.1,24080.0,38592.6,44054.9,22288.7,35458.9,20240.3,23161.1,20693.9,50387.8,21562.9,6199.6,37388.3,22283.6,31809.1,30097.1,25708.8,45636.3,19947.6,40596.7,25130.3,4430.8,40419.8,24823.3,20288.3
70030492,59265.5,22922.3,22732.6,24847.8,22656.3,16962.9,13794.8,15575.4,25196.1,18917.3,19495.5,15255.4,15636.1,12087.1,16758.5,19053.8,18836.6,15902.5,5875.7,11513.2,42922.2,7296.5,15525.3,49239.3,13393.2,19353.7,57809.6,13322.7,12435.4,19421.1,17424.5,41587.1,0.0,27789.3,20022.7,18583.2,15445.5,17318.2,7564.9,40616.9,21526.3,20842.7,24128.7,21570.1,5944.8,16480.3,11488.3,16475.2,18165.9,42684.6,13744.1,18420.4,11289.7,22806.9,18455.9,17760.8,16331.4,6017.8,22160.6,873.5,847.4,10687.1,74.1,21034.7,7604.7,22764.6,16707.4,13614.1,21737.7,16850.7,11717.5,48519.8,18345.1,10775.0,11314.0,17862.5,18131.1,16407.2,17058.4,14366.4,18368.1,21217.5,18474.7,10065.7,12700.6,23296.1,14335.7,21877.9,19079.9,21169.7,27467.5,22570.3,46430.1,17338.0,23291.0,13193.5,13014.2,16278.9,22716.1,23065.5,1142.8,17314.2,45531.9,1458.4,18151.9,23420.7
70030499,78553.0,32501.4,32311.6,34385.1,32235.4,26542.0,21335.8,12825.2,34775.1,16525.8,28683.3,13753.6,13833.3,16241.7,27480.9,28632.8,26425.8,13610.8,22742.7,28430.8,52891.8,25112.8,14301.0,58818.3,17547.8,28932.8,77097.2,16709.5,15230.0,27010.3,25362.7,51556.6,28723.7,0.0,27611.9,29446.8,26556.3,24907.4,21313.6,50586.4,31105.3,31174.4,35313.4,31149.2,22811.8,24115.5,28405.9,16891.4,27744.9,52654.1,36179.7,26334.9,18719.7,42167.3,29949.8,27339.9,23920.6,22578.6,49993.2,29366.0,29339.8,18836.0,28649.6,30613.7,21353.5,32343.6,23893.6,13803.3,31316.8,12219.9,17811.2,58098.9,25934.3,22175.3,18744.0,27441.6,25720.3,11993.4,26637.4,21907.4,25957.3,30796.6,26063.9,19205.9,35136.2,32875.1,14577.1,30372.1,26669.1,30748.8,1187.3,32149.4,56009.2,10949.7,32870.1,16838.7,21472.5,27707.7,5360.1,43159.0,28160.6,26893.3,55501.4,27623.0,27731.0,32991.9
70030842,45071.9,7442.0,7235.5,9367.4,7175.9,7770.7,8005.1,14628.2,7582.6,13994.9,5240.1,14837.2,14916.9,16773.4,5983.9,7030.3,2700.3,14694.4,14171.9,18614.1,23733.7,16541.9,15384.6,30744.0,16588.8,10413.2,43616.0,10970.5,17606.4,2607.8,5180.4,22398.5,19924.2,31255.0,0.0,4159.2,8158.4,6842.9,12742.8,21428.3,6045.9,5886.8,4567.3,5100.6,14241.0,10180.9,18589.2,13529.2,6379.0,23496.0,26363.0,3575.1,12553.6,8611.1,3926.0,8820.3,5856.2,14007.7,40924.6,20566.5,20540.4,17913.3,19850.1,5554.3,12782.6,6810.1,10408.0,18785.1,8575.1,15903.6,16888.5,30024.6,3174.6,9816.6,12577.9,7337.3,3777.1,15460.0,8117.8,8050.1,2974.0,4848.2,2589.2,18283.3,25319.5,7815.7,15149.6,5084.5,2233.2,4773.1,31108.7,7089.9,27934.9,17079.0,7810.7,10841.3,9129.3,5949.3,26357.3,9067.9,19273.3,6984.2,26343.3,19096.4,6969.6,7940.3
70031292,43122.5,10980.5,10790.7,12905.9,10714.4,11154.3,10615.8,17238.9,12172.2,16791.8,8778.6,17447.9,17527.6,19384.1,8842.3,10568.8,5561.7,17305.1,13710.9,14537.2,25527.9,12567.9,17995.3,35333.6,19199.4,13576.8,41666.6,13581.1,20217.1,6146.3,4672.1,24192.7,18435.3,33865.7,5050.8,0.0,10769.1,6271.1,15400.1,23222.6,9584.4,3466.1,9156.8,8776.2,13780.1,13555.4,14512.3,16139.9,9917.5,25290.2,22286.1,4860.7,15164.3,6663.9,6185.2,11983.9,8466.9,13853.0,39435.7,19077.6,19051.5,20524.0,18361.2,9092.8,15440.0,11399.6,13782.5,21395.8,12113.6,18514.2,19499.2,34614.2,5042.8,12427.3,15188.6,10875.8,5963.1,18070.7,11281.4,10660.8,5857.9,8523.8,5199.9,20894.0,21242.6,11354.2,17760.2,3957.4,5805.1,8448.7,33719.4,10628.4,32524.4,19689.7,11349.2,13452.0,11740.0,9628.1,28968.0,6922.5,17784.4,10522.7,28137.6,17607.5,10508.1,11478.8
70031293,51391.5,8185.3,7995.5,10110.7,7919.2,2227.0,1584.8,9573.8,10459.0,7085.3,4367.2,9782.7,9862.4,11718.9,1883.0,4316.7,6628.7,9639.9,9132.9,14811.0,28575.7,11502.9,10330.1,34502.2,11534.3,4649.4,49935.6,5911.4,12552.0,7213.2,5740.4,27240.5,14885.2,25478.3,7814.8,9649.6,0.0,4889.3,7703.8,26270.3,6789.2,11377.3,10997.3,6833.1,9202.0,3270.4,14786.1,8474.7,2491.2,28338.0,22559.9,6537.8,9480.1,15016.1,4122.8,3056.5,3902.5,8968.7,35885.6,15527.5,15501.4,12858.9,14811.1,6297.6,7743.6,8027.5,3497.6,13730.6,7000.7,10849.1,11834.0,33782.8,6137.2,4777.6,9504.5,3125.5,4375.4,10405.6,2354.0,2684.1,6160.2,6480.5,6266.8,13228.8,21516.4,8559.0,10095.1,10575.0,6872.0,6432.7,25332.0,7833.2,31693.1,12024.5,8554.0,5782.2,4090.3,1955.2,20580.6,15397.9,14234.3,1975.4,31185.3,14057.4,3414.9,8683.6
70034004,48839.1,10120.7,9930.9,12046.2,9854.7,6679.6,5877.7,12500.8,12397.0,12053.7,6571.1,12709.8,12789.5,14646.0,5633.0,8769.3,6287.3,12567.0,10845.0,11671.3,28267.7,9702.0,13257.2,36440.1,14461.3,9102.0,47383.3,8843.0,15479.0,6871.8,1448.0,26932.5,15569.4,29127.6,7790.6,6593.2,6294.3,0.0,10615.4,25962.3,8724.7,9425.8,11896.6,8771.0,10914.1,9080.6,11646.4,11401.7,7302.0,28030.0,19420.2,3155.7,10426.2,12380.6,5531.5,7509.1,2302.7,10987.1,36569.8,16211.7,16185.6,15785.9,15495.3,8233.0,10655.2,9965.5,9307.8,16657.7,11253.8,13776.1,14761.1,35720.7,3457.6,7689.2,10450.5,7578.1,5581.8,13332.6,6806.6,5922.7,5818.8,8418.4,5925.4,16155.9,18376.7,10494.4,13022.1,8623.5,6530.6,8370.6,28981.3,9768.7,33631.0,14951.6,10489.4,8713.9,3922.9,5153.4,24229.8,12639.1,14918.5,6428.0,30877.3,14741.6,7867.5,10619.0
70042197,55567.0,15385.5,15195.7,17311.0,15119.5,9426.1,6258.0,8419.7,17659.3,10551.8,11958.7,7694.0,8010.3,7594.1,9221.7,11517.0,11299.8,7963.4,2026.7,8613.4,34890.3,4396.7,7462.7,41702.4,7409.5,11816.9,54111.2,5785.8,8427.1,11884.3,10236.7,33555.1,7779.0,20704.2,12485.9,14320.7,7908.7,9781.4,0.0,32584.9,13989.5,16048.4,16591.9,14033.3,2095.8,8943.5,8588.6,8109.7,10629.1,34652.6,16362.3,11208.9,3752.9,19108.4,10919.1,10224.0,8794.6,1862.5,28779.4,8421.3,8395.2,8734.0,7704.9,13497.8,39.8,15227.8,9170.6,9605.8,14200.9,9695.0,7709.2,40983.0,10808.3,3238.1,3777.2,10325.7,10594.3,9251.5,9521.6,6829.6,10831.3,13680.7,10937.9,9104.0,15318.9,15759.2,5970.3,15246.1,11543.1,13632.9,20382.4,15033.5,38893.3,10252.9,15754.2,5656.7,5477.4,8742.1,15631.0,19367.0,7128.2,9777.4,37499.9,6951.2,10615.1,15883.8
70043250,35352.7,19582.1,19575.7,17677.5,19761.1,24548.1,26757.4,33568.9,16130.0,30772.3,22017.5,33777.8,33857.5,35714.0,23977.1,23515.3,22259.3,33635.0,35154.5,35980.7,3059.4,34011.4,34325.2,11649.3,35529.4,25657.9,34199.8,30569.6,36547.1,22166.9,23576.4,1724.2,39878.8,49165.3,20504.1,21320.4,25165.4,25175.3,32341.9,0.0,21336.6,19673.9,17353.7,19689.6,35223.6,26958.3,35955.8,32469.8,23156.4,2821.7,43729.6,22370.8,32152.7,17587.1,23314.4,25597.7,25455.3,35296.5,60879.2,40521.1,40495.0,36853.9,39804.7,20844.9,32381.7,19237.8,27185.4,37725.7,21679.3,34844.2,35829.1,12341.7,21970.2,29415.7,32177.1,24114.7,23336.2,34400.7,24895.2,27856.7,22533.1,20022.4,22711.2,37223.9,42686.1,20919.9,34090.2,18871.6,21792.3,19325.2,49019.0,20194.2,7437.9,36019.6,20914.9,30440.4,28728.4,24340.1,44267.6,18578.8,39228.0,23761.6,5669.0,39051.0,23454.6,18919.5
70043420,49049.2,2798.4,2877.7,4723.9,2801.4,4026.9,7276.8,14088.3,7155.7,11291.7,3679.3,14297.2,14376.9,16233.4,4496.5,2314.4,5266.2,14154.4,14824.9,20503.1,24935.6,17195.0,14844.7,30862.1,16048.8,4625.8,47593.4,11603.5,17066.5,4143.9,7805.5,23600.4,20577.3,29684.8,6083.2,8992.4,5684.8,9468.1,13395.9,22630.2,0.0,11132.6,7694.0,2574.4,14894.1,7477.7,20478.2,12989.2,3675.8,24697.9,28252.0,7570.0,15172.2,12663.5,4976.3,4694.4,8481.3,14660.8,41577.7,21219.6,21193.4,17373.4,20503.2,1146.4,13435.7,4724.2,7704.8,18245.1,2624.4,15363.6,16348.6,30142.7,7169.5,10469.7,15196.5,3647.5,4613.6,14920.1,5414.6,8376.2,4170.0,2063.6,5227.0,17743.3,27208.5,3172.1,14609.6,9917.7,4240.0,3129.4,29538.5,2446.4,28053.0,16539.0,3167.1,11474.3,9782.4,4795.0,24787.0,13655.2,19926.4,4281.0,27545.2,19749.5,2979.7,3296.7
70081032,41601.1,9081.9,8220.5,10129.6,8283.1,13108.6,11374.2,17997.3,8724.5,19332.8,10578.0,18206.3,18286.0,20142.5,9600.7,12075.8,6320.2,18063.5,15946.6,16772.8,24875.6,14803.6,18753.7,31885.9,19957.9,15751.1,40145.3,14339.6,20975.5,6904.7,7346.4,23540.4,20671.0,34624.1,7325.9,3371.2,11527.5,8945.3,16111.9,22570.2,10192.2,0.0,5709.1,8250.1,16015.7,15518.8,16748.0,16898.3,11716.9,24637.9,24521.7,6140.8,15922.7,5142.5,6943.6,14158.2,9225.3,16088.7,41671.4,21313.2,21287.1,21282.4,20596.8,9700.5,16151.7,7795.1,15745.9,22154.2,11728.7,19272.7,20257.6,31166.5,5740.2,13185.7,15947.1,12675.2,6721.5,18829.2,13455.7,11419.2,6616.3,8582.9,5958.3,21652.4,23478.3,9987.1,18518.7,1035.2,8614.2,7885.7,34477.8,10243.6,29076.8,20448.1,9982.1,14210.4,12498.4,10386.6,29726.4,5401.1,20020.1,12322.1,27485.2,19843.2,12015.1,8793.6
70082414,42477.4,6156.8,5295.5,7204.5,5358.0,10183.5,12392.8,18694.7,3192.3,16407.7,7652.9,18903.7,18983.4,20839.8,9612.5,9150.7,5931.6,18760.9,18238.3,23885.8,20427.2,21916.5,19451.1,26353.7,20655.2,12826.0,41021.6,15036.9,21672.9,5839.1,9246.8,19092.0,23990.7,34800.8,4176.3,8289.5,10800.8,10909.4,16809.2,18121.8,7267.1,5406.5,0.0,5325.0,18307.4,12593.7,23860.9,17595.6,8791.8,20189.5,31634.6,7882.4,16620.1,6016.6,7157.3,11233.1,9922.6,18074.2,44991.1,24632.9,24606.8,21979.8,23916.5,6775.4,16849.1,4870.0,12820.8,22851.6,8803.7,19970.0,20955.0,25634.3,7481.8,13883.0,16644.4,9750.1,7008.4,19526.5,10530.6,12116.6,6205.4,5657.8,6383.5,22349.7,30591.2,7062.0,19216.0,5390.8,5464.6,4960.6,34654.4,7318.5,23544.5,21145.4,7057.0,14907.7,13195.8,9975.5,29903.0,6483.9,23339.8,9397.0,23036.8,23162.9,9090.0,5868.5
70083842,45205.0,2583.6,2029.4,5231.2,1953.2,5872.9,8082.3,14893.7,4272.6,12097.2,3342.3,15102.7,15182.4,17038.8,5301.9,4840.2,3748.0,14959.9,15630.4,21308.5,22389.2,18000.4,15650.1,28315.7,16854.2,8515.4,43749.2,12408.9,17871.9,3758.2,7468.5,21054.0,21382.7,30490.2,4161.0,7266.3,6490.2,9131.1,14201.3,20083.8,2387.8,8249.4,4810.8,0.0,15699.5,8283.1,21283.7,13794.6,4481.2,22151.5,29057.4,7233.0,15977.6,8829.7,4639.3,6922.5,8144.3,15466.2,42383.1,22025.0,21998.9,18178.8,21308.6,1896.2,14241.1,1841.1,8510.3,19050.6,3965.4,16169.0,17154.0,27596.3,6832.5,11275.1,16002.0,5439.5,4851.5,15725.5,6220.0,9181.6,3846.0,867.6,4199.9,18548.8,28014.0,3206.0,15415.0,8233.7,3281.0,142.0,30343.9,2480.2,25506.6,17344.4,3201.0,12279.8,10587.8,5664.9,25592.4,9211.5,20731.9,5086.5,24998.9,20554.9,4779.4,3895.2
70084418,54587.3,16994.6,16804.8,18920.1,16728.6,11035.2,7867.1,10028.8,19268.3,12160.9,13567.8,9303.1,9619.4,9203.2,10830.8,13126.1,12908.9,9572.5,248.2,6835.0,38244.1,2618.3,9071.8,43311.5,9018.5,13426.0,53131.5,7394.9,10036.2,13493.4,12746.3,36908.9,6000.6,22313.3,14095.0,13905.0,9517.7,11390.4,1637.2,35938.7,15598.6,16164.5,18201.0,15642.4,0.0,10552.5,6810.1,9718.8,12238.2,38006.4,14583.9,12818.0,5362.0,18128.7,12528.2,11833.1,10403.7,90.1,27001.0,6642.9,6616.7,10343.1,5926.5,15106.9,1677.0,16836.8,10779.7,11214.9,15810.0,11304.1,9318.3,42592.1,12417.4,4847.2,5386.3,11934.8,12203.4,10860.6,11130.6,8438.7,12440.4,15289.8,12547.0,10713.1,13540.4,17368.3,7579.3,16855.2,13152.2,15242.0,21991.5,16642.6,40502.4,11862.0,17363.3,7265.8,7086.5,10351.2,17240.1,18387.3,5349.7,11386.5,40853.7,5172.8,12224.2,17492.9
70084927,52849.0,9642.8,9453.0,11568.3,9376.8,3683.4,3151.4,8082.1,11916.5,5241.2,5824.7,8291.1,8370.8,10227.3,4622.3,5774.3,9273.7,8148.3,10699.5,16377.7,30033.2,13069.6,8838.5,35959.7,10042.6,2920.1,51393.1,7499.9,11060.3,8728.1,8646.8,28698.0,16451.9,23670.4,10721.2,12556.1,3700.6,8822.2,9270.4,27727.8,8246.8,15893.4,12454.8,8290.6,10768.6,0.0,16352.8,6983.1,4886.3,29795.5,24126.6,9444.2,11046.8,16473.7,7091.3,3203.8,7835.4,10535.4,37452.3,17094.2,17068.0,11367.2,16377.7,7755.1,9310.3,9485.0,670.7,12239.0,8458.2,9357.4,10342.4,35240.3,9043.7,6344.2,11071.1,4583.0,7303.5,8913.9,3778.8,4250.7,7866.5,7938.0,8911.8,11737.2,23083.1,10016.5,8603.4,13481.5,8383.7,7890.2,23524.1,9290.8,33150.6,10532.9,10011.5,7348.9,5657.0,4849.1,18772.7,16855.5,15801.0,4034.7,32642.8,15624.1,4872.4,10141.1
70084983,55244.7,22630.7,22440.9,24556.1,22364.6,16671.3,13503.1,15679.1,27103.3,17811.2,19203.8,14953.4,15269.7,14853.5,16466.8,18762.1,18544.9,15222.8,6651.2,120.0,38901.5,5508.2,14722.1,46775.6,14668.9,19062.1,53788.9,13031.0,15686.5,19129.4,13403.8,37566.3,11375.6,27963.6,18473.6,14562.4,15153.8,12804.8,8340.4,36596.1,21234.6,16821.9,24087.9,21278.5,6720.4,16188.6,0.0,15369.1,17874.2,38663.8,7975.0,14399.7,11012.3,18786.1,18164.2,17469.2,16039.7,6793.3,25276.8,12017.9,11991.8,15993.4,11301.5,20743.0,8380.3,22472.9,16415.8,16865.2,21446.0,16954.4,14968.6,46056.2,14702.0,10483.3,11036.6,17570.9,17839.4,16510.9,16766.7,14074.7,18076.4,20925.9,18183.1,16363.4,6931.6,23004.4,13229.7,17857.1,18788.2,20878.0,27641.8,22278.6,43966.4,17512.3,22999.4,12901.8,12722.6,15987.2,22890.4,19044.7,10724.8,17022.5,41511.1,10547.8,17860.2,23129.0
70130674,58594.6,15388.4,15198.6,17313.8,15122.3,9429.0,7032.6,3194.0,17662.1,2663.5,11570.3,3403.0,3482.7,6561.8,10367.9,11519.8,12122.7,3260.2,10917.6,16605.7,35778.8,13287.7,3950.4,41705.3,6377.2,11819.8,57138.7,3834.4,5756.5,12707.2,11059.6,34443.6,16670.0,19590.1,13308.8,15143.6,9443.3,10604.3,9488.5,33473.4,13992.3,16871.3,18200.3,14036.2,10986.8,7001.3,16580.9,0.0,10631.9,35541.1,24354.6,12031.8,6894.6,22219.2,11742.0,10226.9,9617.5,10753.5,37670.4,17312.3,17286.1,7701.8,16595.9,13500.7,9528.4,15230.6,6780.6,8573.5,14203.7,4469.3,6677.0,40985.9,11631.2,7856.6,6918.9,10328.6,11417.2,4025.8,9524.4,7604.3,11654.2,13683.6,11760.8,8071.7,23311.1,15762.1,4938.0,16069.0,12366.0,13635.7,19443.8,15036.3,38896.1,5644.7,15757.1,3963.6,7169.4,10594.7,14692.3,22601.0,16019.1,9780.2,38388.4,16488.8,10617.9,15886.7
70130675,49842.0,6635.8,6446.0,8561.2,6369.7,1713.4,3922.7,10734.2,8909.5,7937.6,2817.7,10943.1,11022.8,12879.3,1497.5,2368.6,4957.3,10800.3,11470.8,17149.0,27026.2,13840.9,11490.6,32952.7,12694.7,4355.9,48386.1,8249.4,13712.4,4722.7,6270.6,25691.0,17223.2,26330.7,6184.8,10179.9,2330.7,6446.0,10041.8,24720.8,5239.7,11907.5,9447.8,5283.6,11540.0,4123.6,17124.1,9635.1,0.0,26788.5,24897.9,7068.0,11818.1,13466.6,3085.8,2763.0,5459.2,11306.7,38223.6,17865.5,17839.3,14019.3,17149.1,4748.1,10081.6,6478.0,4350.7,14891.0,5451.1,12009.5,12994.5,32233.3,6667.5,7115.6,11842.4,1177.4,3338.5,11566.0,2060.5,5022.1,3861.1,4931.0,4889.2,14389.2,23854.4,7009.5,11255.5,11105.3,4378.2,4883.1,26184.3,6283.7,30143.5,13184.9,7004.5,8120.2,6428.3,2472.9,21432.9,13848.4,16572.3,926.9,29635.8,16395.4,1466.7,7134.1
70132664,32609.6,22379.2,22372.8,20474.6,22558.2,27345.2,29554.5,36365.9,18927.1,33569.4,24814.6,36574.9,36654.6,38511.1,26774.2,26312.4,25056.4,36432.1,37951.5,38777.8,1072.9,36808.5,37122.3,14010.0,38326.5,28455.0,31456.7,33366.7,39344.1,24964.0,26373.5,1428.4,42675.9,51962.4,23301.2,24117.5,27962.5,27972.4,35139.0,3046.1,24133.7,22471.0,20150.8,22486.7,38020.7,29755.3,38752.9,35266.9,25953.5,0.0,46526.7,25167.9,34949.8,20384.2,26111.5,28394.8,28252.4,38093.6,63676.3,43318.2,43292.1,39651.0,42601.8,23642.0,35178.8,22034.9,29982.5,40522.8,24476.4,37641.3,38626.2,14702.4,24767.3,32212.8,34974.1,26911.8,26133.3,37197.8,27692.3,30653.8,25330.2,22819.5,25508.3,40021.0,45483.2,23717.0,36887.3,21668.7,24589.4,22122.3,51816.1,22991.3,7169.5,38816.7,23712.0,33237.5,31525.5,27137.1,47064.7,21375.9,42025.1,26558.7,2926.0,41848.1,26251.7,21716.6
70132665,63022.9,30408.8,30219.0,32334.3,30142.8,24449.4,21281.3,23457.2,34881.5,25589.4,26982.0,22731.6,23047.8,22631.6,24245.0,26540.3,26323.1,23000.9,14429.4,7855.0,46679.6,13286.4,22500.2,54553.7,22447.0,26840.2,61567.0,20809.1,23464.7,26907.6,21181.9,45344.4,13744.1,35741.8,26251.8,22340.5,22931.9,20582.9,16118.6,44374.2,29012.8,24600.1,31866.1,29056.6,14498.5,23966.8,7975.0,23147.2,25652.4,46441.9,0.0,22177.8,18790.4,26564.3,25942.4,25247.3,23817.9,14571.5,17301.7,12913.4,13102.5,23771.6,13670.0,28521.1,16158.4,30251.1,24193.9,24643.3,29224.2,24732.6,22746.8,53834.3,22480.1,18261.4,18814.8,25349.0,25617.6,24289.1,24544.8,21852.9,25854.6,28704.0,25961.2,24141.5,1183.2,30782.5,21007.8,25635.3,26566.4,28656.2,35420.0,30056.8,51744.6,25290.4,30777.5,20680.0,20500.7,23765.4,30668.5,26822.9,18502.9,24800.7,49289.3,18326.0,25638.4,30907.1
70133553,46635.2,8989.4,8799.6,10914.8,8723.3,7212.5,6673.9,13297.1,12708.0,12849.9,5439.8,13506.0,13585.8,15442.2,5388.9,8572.1,4782.3,13363.2,12840.7,15478.8,26063.8,13509.5,14053.5,35869.4,15257.6,9634.9,45179.4,9639.3,16275.3,5366.8,1721.6,24728.6,18593.1,29923.9,5586.7,4389.3,6827.2,3060.2,11411.6,23758.4,7593.3,7221.9,9692.6,7639.7,12909.8,9613.5,15453.9,12198.0,6170.6,25826.1,23227.7,0.0,11222.4,10176.6,4400.2,8042.0,3242.0,12676.6,39593.5,19235.3,19209.2,16582.2,18518.9,7101.7,11451.4,8834.1,9840.7,17453.9,10122.5,14572.4,15557.4,35150.0,874.3,8485.4,11246.8,7128.9,4076.8,14128.9,7339.5,6719.0,4313.8,7287.1,4420.4,16952.1,22184.2,9363.1,13818.4,6419.6,5025.6,7239.3,29777.5,8637.3,33060.3,15747.8,9358.1,9510.1,7798.1,5354.3,25026.1,10435.2,17942.2,5914.4,28673.4,17765.2,7418.3,9487.7
70138438,58129.2,16673.6,16483.8,18599.0,16407.5,10714.2,7546.0,5317.3,18947.3,7449.5,13246.8,4591.6,4907.9,4491.7,10509.8,12805.0,12587.8,4861.0,5093.6,10781.7,36178.4,7463.7,4360.3,42990.5,4307.1,13105.0,56673.4,2872.4,5324.8,13172.4,11524.7,34843.2,10846.0,17601.9,13774.0,15608.8,9196.7,11069.4,3664.5,33873.0,15277.5,17336.4,17879.9,15321.4,5162.7,10231.5,10756.8,5007.3,11917.1,35940.7,18530.6,12496.9,0.0,21670.7,12207.1,11512.1,10082.7,4929.5,31846.4,11488.2,11462.1,5631.7,10771.8,14785.9,3704.4,16515.8,10199.3,6503.4,15489.0,6592.6,4606.8,42271.1,12096.4,4526.2,24.6,11613.8,11882.4,6149.1,10809.6,8117.7,12119.3,14968.8,12226.0,6001.6,17487.1,17047.3,2867.9,16534.2,12831.2,14921.0,17280.0,16321.5,40181.4,7150.5,17042.3,2743.2,6765.5,10030.1,12528.6,21929.3,10195.1,11065.5,38788.0,10018.2,11903.2,17171.9
70155196,36983.1,9588.2,8726.9,10635.9,8789.4,13614.9,15824.2,21686.5,9045.2,19839.1,11084.3,21895.4,21975.1,25673.0,13043.9,12582.1,9854.6,21752.6,17567.4,18393.6,20843.4,16424.3,25541.6,28717.5,25488.4,16257.4,35527.2,18028.7,26506.1,9762.1,10235.1,19508.2,22291.7,38232.2,8099.3,6419.2,14232.2,11834.1,19256.6,18538.0,10698.5,4429.3,6029.9,8756.4,17636.5,16025.1,18368.8,20587.4,12223.2,20605.7,26142.5,9829.9,21831.8,0.0,11080.3,14664.5,12914.4,17709.5,43292.1,22934.0,22907.9,26812.9,22217.6,10206.8,19296.4,8301.4,16252.2,27684.7,12235.0,22961.8,25788.1,27998.1,9429.3,16874.8,21856.1,13181.5,10931.4,22518.3,13962.0,15108.3,10128.4,9089.2,9647.4,27182.9,25099.0,10493.4,24049.2,4413.6,9387.5,8392.0,38085.8,10749.9,25908.4,24137.2,10488.4,17899.5,16187.5,13406.9,33334.4,991.7,21640.9,12828.4,23453.0,21463.9,12521.4,9299.9
70155987,47620.8,5705.9,5516.2,7631.4,5439.9,4653.1,6695.1,13318.3,8356.5,10877.4,2530.6,13527.2,13607.0,15463.4,2478.9,5663.0,2171.9,13384.4,12861.9,18540.1,26282.6,15231.9,14074.7,32399.6,15278.8,6642.9,46164.9,9660.5,16296.5,2078.9,3870.4,24947.4,18614.3,29270.4,3540.9,5575.4,3835.3,5533.0,11432.8,23977.2,4309.9,7303.0,7116.2,4730.5,12931.0,7063.3,18515.2,12219.2,3261.5,26044.9,26288.9,3337.8,11243.6,11160.0,0.0,5050.1,4546.2,12697.8,39614.7,19256.5,19230.4,16603.4,18540.1,3818.2,11472.6,5925.0,7290.5,17475.1,6839.1,14593.6,15578.6,31680.2,2937.2,8506.6,11268.0,4219.8,259.3,14150.1,4347.6,6740.2,1113.8,4377.9,1810.0,16973.3,25245.5,6079.7,13839.6,6500.7,2415.2,4330.1,29124.1,5353.9,29590.5,15769.0,6074.6,9531.3,7819.3,2444.2,24372.7,11616.8,17963.4,3004.3,28892.2,17786.4,4509.1,6204.2
70238985,50873.6,7667.5,7477.7,9592.9,7401.4,1709.1,4003.7,10815.1,9941.2,8018.6,3849.4,11024.1,11103.8,12960.2,2337.8,3798.9,7250.6,10881.3,11551.8,17229.9,28057.8,13921.8,11571.5,33984.4,12775.6,2225.3,49417.8,8330.3,13793.3,6752.8,6362.3,26722.6,17304.1,26411.6,8436.7,10271.5,2422.4,6537.7,10122.7,25752.5,6271.4,11999.2,10479.4,6315.3,11620.9,4204.5,17205.1,9716.0,2603.1,27820.1,24978.8,7159.7,11899.0,14498.3,5115.9,0.0,5550.9,11387.6,38304.5,17946.4,17920.3,14100.2,17230.0,5779.8,10162.5,7509.7,4431.7,14972.0,6482.8,12090.4,13075.4,33264.9,6759.1,7196.5,11923.4,2607.7,5328.2,11646.9,588.5,5103.0,5891.1,5962.7,6888.7,14470.2,23935.3,8041.2,11336.4,11196.9,6408.3,5914.8,26265.3,7315.4,31175.2,13265.8,8036.2,8201.1,6509.2,2564.6,21513.8,14880.1,16653.3,1751.4,30667.5,16476.3,2897.0,8165.8
70244565,50093.6,9363.3,9173.5,11288.8,9097.3,5547.1,4745.1,11368.3,11639.6,10921.2,5813.7,11577.3,11657.0,13513.5,4500.5,7636.8,5154.8,11434.5,10911.9,12669.9,28745.3,13282.0,12124.7,35682.7,13328.8,7969.5,48637.8,7710.5,14346.5,5739.3,2105.3,27410.1,16664.3,27995.1,6340.9,7340.4,5161.8,998.6,9482.8,26439.9,7967.3,9903.4,10446.9,8013.6,10981.1,7948.1,12645.0,10269.2,6544.6,28507.6,20418.8,2639.3,9293.7,14013.3,4774.1,6376.6,0.0,10747.8,37664.7,17306.6,17280.4,14653.4,16590.2,7475.6,9522.7,9208.1,8175.3,15525.2,10496.4,12643.6,13628.6,34963.3,3008.6,6556.7,9318.0,6445.6,4449.3,12200.1,5674.1,4790.2,4686.3,7661.0,4792.9,15023.4,19375.3,9737.0,11889.6,9101.1,5398.1,7613.2,27848.8,9011.3,32873.6,13819.1,9732.0,7581.4,3315.0,4020.9,23097.3,14271.9,16013.4,5295.4,31354.9,15836.5,6735.0,9861.6
70246377,54429.2,16904.5,16714.8,18830.0,16638.5,10945.1,7777.0,9938.7,19178.3,12070.9,13477.7,9213.0,9529.3,9113.1,10740.7,13036.0,12818.8,9482.4,833.4,7420.2,38086.0,3203.5,8981.7,43221.5,8928.5,13335.9,52973.4,7304.9,9946.2,13403.3,11755.7,36750.8,6585.8,22223.3,14004.9,13746.9,9427.7,11300.4,1547.1,35780.6,15508.5,16006.5,18110.9,15552.4,902.6,10462.5,7395.3,9628.7,12148.1,37848.3,15169.1,12727.9,5271.9,17970.7,12438.1,11743.1,10313.6,0.0,27586.2,7228.1,7201.9,10253.1,6511.7,15016.9,1586.9,16746.8,10689.6,11124.8,15719.9,11214.0,9228.2,42502.0,12327.3,4757.2,5296.3,11844.8,12113.3,10770.5,11040.6,8348.6,12350.3,15199.7,12456.9,10623.0,14125.6,17278.3,7489.3,16765.1,13062.1,15151.9,21901.4,16552.5,40412.3,11771.9,17273.3,7175.7,6996.4,10261.1,17150.0,18229.2,5934.9,11296.4,40695.6,5758.0,12134.1,17402.9
70248476,80132.0,43788.8,43599.1,45714.3,43522.8,37829.4,34661.3,36358.1,46062.6,39700.0,40362.0,36038.0,36418.7,32869.8,37625.0,39920.3,39703.1,36685.2,26742.2,25291.3,63788.8,28163.0,36307.9,70105.8,34175.8,40220.2,78676.1,37075.9,33218.0,40287.6,38291.0,62453.6,22058.6,48572.0,40889.2,39449.7,36312.0,38184.7,28431.4,61483.4,42392.8,41709.2,44995.2,42436.7,26811.3,37346.8,25411.3,37257.8,39032.4,63551.1,17436.3,39286.9,32156.2,43673.4,39322.4,38627.4,37197.9,26884.3,0.0,22700.9,22674.8,31469.7,21984.5,41901.2,28471.2,43631.1,37573.9,34396.7,42604.2,37633.4,32500.1,69386.3,39211.6,31641.5,32180.6,38729.0,38997.6,37189.9,37924.9,35232.9,39234.6,42084.0,39341.2,30848.3,18619.5,44162.6,35118.4,42744.4,39946.4,42036.2,48250.1,43436.8,67296.6,38120.6,44157.6,34060.0,33880.7,37145.4,43498.7,43932.0,22009.3,38180.7,66398.4,21899.9,39018.4,44287.2
70286419,59948.3,23605.2,23415.4,25530.6,23339.1,17645.8,14477.6,16258.3,25878.9,19600.2,20178.3,15938.2,16318.9,12770.0,17441.3,19736.6,19519.4,16585.4,6558.5,12196.0,43605.1,7979.3,16208.1,49922.1,14076.0,20036.6,58492.5,14005.5,13118.2,20103.9,18107.4,42269.9,914.1,28472.2,20705.5,19266.0,16128.3,18001.0,8247.7,41299.7,22209.1,21525.6,24811.5,22253.0,6627.7,17163.1,12171.2,17158.0,18848.7,43367.4,12910.5,19103.3,11972.5,23489.7,19138.7,18443.7,17014.2,6700.6,22843.5,0.0,272.5,11369.9,840.0,21717.5,8287.6,23447.4,17390.3,14296.9,22420.5,17533.6,12400.3,49202.7,19028.0,11457.8,11996.9,18545.4,18813.9,17090.1,17741.2,15049.2,19050.9,21900.4,19157.6,10748.5,11867.0,23978.9,15018.6,22560.7,19762.7,21852.5,28150.3,23253.1,47112.9,18020.8,23973.9,13876.3,13697.1,16961.7,23398.9,23748.3,1825.6,17997.0,46214.7,2141.3,18834.8,24103.5
70288587,59881.6,23538.5,23348.7,25463.9,23272.4,17579.1,14410.9,16191.6,25812.2,19533.5,20111.7,15871.5,16252.3,12703.3,17374.6,19669.9,19452.7,16518.7,6491.9,12129.3,43538.4,7912.6,16141.4,49855.4,14009.4,19969.9,58425.8,13938.8,13051.6,20037.3,18040.7,42203.2,847.4,28405.5,20638.9,19199.3,16061.6,17934.3,8181.1,41233.0,22142.4,21458.9,24744.8,22186.3,6561.0,17096.4,12104.5,17091.3,18782.0,43300.7,13102.5,19036.6,11905.9,23423.0,19072.0,18377.0,16947.6,6633.9,22776.8,231.9,0.0,11303.2,773.3,21650.8,8220.9,23380.7,17323.6,14230.2,22353.9,17466.9,12333.6,49136.0,18961.3,11391.1,11930.2,18478.7,18747.3,17023.4,17674.5,14982.6,18984.2,21833.7,19090.9,10681.8,12059.0,23912.2,14951.9,22494.0,19696.1,21785.9,28083.7,23186.4,47046.3,17954.1,23907.2,13809.6,13630.4,16895.0,23332.2,23681.6,1758.9,17930.4,46148.0,2074.6,18768.1,24036.8
70337217,62859.8,19653.6,19463.9,21579.1,19387.6,13694.2,11758.8,4954.1,21927.4,8296.0,15835.6,4634.0,5014.8,1465.8,14633.2,15785.1,16848.9,5281.2,11510.1,18365.4,40044.0,14148.6,5206.8,45970.6,2771.9,16085.0,61404.0,5671.9,1814.1,17433.4,15785.8,38708.8,10188.5,17168.0,18035.0,19869.8,13708.6,15330.4,10081.1,37738.6,18257.6,21597.5,22465.6,18301.4,11579.3,11266.6,18340.5,5853.8,14897.2,39806.3,26114.2,16758.0,7487.1,28087.2,16468.2,14492.2,14343.7,11346.0,31458.0,10830.8,10804.7,0.0,10114.4,17766.0,10120.9,19495.9,11045.9,2992.7,18469.0,6229.4,1096.1,45251.1,16357.4,10942.7,7511.4,14593.8,16143.4,5785.9,13789.7,12330.4,16380.4,17948.8,16487.0,1284.6,25070.8,20027.4,3714.4,20795.2,17092.2,17901.0,16846.2,19301.6,43161.4,6716.6,20022.3,5801.1,9435.6,14860.0,12094.7,28345.8,9625.4,14045.5,42653.7,9087.8,14883.2,20152.0
70337705,59191.4,22848.2,22658.4,24773.7,22582.2,16888.8,13720.7,15501.3,25121.9,18843.2,19421.4,15181.2,15562.0,12013.0,16684.4,18979.7,18762.5,15828.4,5801.6,11439.1,42848.1,7222.3,15451.1,49165.1,13319.1,19279.6,57735.5,13248.5,12361.3,19347.0,17350.4,41512.9,74.1,27715.2,19948.6,18509.0,15371.3,17244.0,7490.8,40542.7,21452.2,20768.6,24054.5,21496.0,5870.7,16406.1,11414.2,16401.0,18091.7,42610.4,13670.0,18346.3,11215.6,22732.8,18381.8,17686.7,16257.3,5943.7,22086.5,799.4,773.3,10613.0,0.0,20960.5,7530.6,22690.4,16633.3,13539.9,21663.6,16776.6,11643.4,48445.7,18271.0,10700.8,11239.9,17788.4,18057.0,16333.1,16984.2,14292.3,18294.0,21143.4,18400.6,9991.6,12626.5,23221.9,14261.6,21803.7,19005.8,21095.6,27393.4,22496.2,46356.0,17263.9,23216.9,13119.3,12940.1,16204.7,22641.9,22991.4,1068.6,17240.1,45457.7,1384.3,18077.8,23346.5
70343296,48442.7,2191.9,2271.2,4117.4,2194.9,5603.4,7812.8,14624.2,6549.2,11827.7,3072.8,14833.2,14912.9,16769.4,5032.5,2305.9,4659.7,14690.4,15360.9,21039.1,24329.1,17730.9,15380.6,30255.7,16584.7,4617.3,46986.9,12139.4,17602.4,3537.4,7199.1,22993.9,21113.3,30220.7,5476.7,8385.9,6220.7,8861.6,13931.8,22023.8,491.6,10526.1,7087.5,1968.0,15430.0,8013.6,21014.2,13525.2,4211.8,24091.4,28787.9,6963.6,15708.2,12057.0,4369.8,4685.9,7874.8,15196.8,42113.7,21755.5,21729.4,17909.3,21039.1,0.0,13971.6,4117.8,8240.8,18781.1,2615.9,15899.5,16884.5,29536.2,6563.0,11005.6,15732.5,3639.0,4007.1,15456.0,5950.6,8912.1,3563.5,1457.1,4620.5,18279.3,27744.5,2565.6,15145.5,9311.3,3633.5,2522.9,30074.4,1839.9,27446.5,17075.0,2560.6,12010.3,10318.3,5395.4,25323.0,13048.7,20462.4,4817.0,26938.8,20285.4,2971.3,2690.2
70347238,55606.9,15425.4,15235.6,17350.8,15159.3,9466.0,6297.8,8459.5,17699.1,10591.7,11998.5,7733.8,8050.1,7633.9,9261.5,11556.8,11339.6,8003.2,2066.5,8653.3,34930.1,4436.5,7502.5,41742.3,7449.3,11856.8,54151.0,5825.7,8467.0,11924.1,10276.5,33594.9,7818.9,20744.1,12525.7,14360.6,7948.5,9821.2,39.8,32624.7,14029.3,16088.2,16631.7,14073.2,2135.6,8983.3,8628.4,8149.5,10668.9,34692.4,16402.1,11248.7,3792.7,19148.3,10958.9,10263.9,8834.4,1902.4,28819.3,8461.1,8435.0,8773.9,7744.7,13537.7,0.0,15267.6,9210.4,9645.6,14240.7,9734.8,7749.0,41022.8,10848.2,3278.0,3817.1,10365.6,10634.1,9291.3,9561.4,6869.4,10871.1,13720.6,10977.8,9143.8,15358.7,15799.1,6010.1,15286.0,11582.9,13672.7,20422.2,15073.3,38933.1,10292.7,15794.1,5696.5,5517.3,8781.9,15670.8,19406.9,7168.0,9817.2,37539.8,6991.0,10654.9,15923.7
70351598,44629.3,2050.6,1189.2,3457.2,1251.7,7273.8,9483.1,16294.6,5030.9,13498.0,4743.2,16503.5,16583.2,18439.7,6702.8,6241.0,5149.8,16360.7,17031.2,22709.4,23147.5,19401.3,17050.9,29074.0,18255.1,9916.3,43173.4,13809.8,19272.8,5159.0,8869.4,21812.3,22783.6,31891.1,5562.7,8668.1,7891.1,10531.9,15602.1,20842.1,3609.5,7057.4,4124.7,2415.3,17100.3,9684.0,22684.5,15195.5,5882.1,22909.8,30458.3,8633.9,17378.5,8168.5,6040.1,8323.4,9545.2,16867.1,43784.0,23425.8,23399.7,19579.7,22709.4,3117.8,15642.0,0.0,9911.1,20451.4,3888.7,17569.9,18554.8,28354.6,8233.3,12675.9,17402.8,6840.4,6252.4,17126.4,7620.9,10582.4,5246.8,2748.1,5601.7,19949.6,29414.8,2955.8,16815.9,7041.7,4682.8,2050.9,31744.7,2361.0,26264.9,18745.3,2950.7,13680.6,11988.7,7065.8,26993.3,8625.3,22132.7,6487.3,25757.1,21955.8,6180.3,2121.2
70361410,53405.5,10199.3,10009.5,12124.7,9933.2,4239.9,3707.9,7996.4,12473.0,5191.7,6381.2,8205.4,8285.1,10141.5,5178.8,6330.7,9830.1,8062.6,11256.0,16934.2,30589.7,13626.0,8752.8,36516.2,9956.9,3476.5,51949.6,7414.1,10974.6,9284.6,9203.3,29254.5,17008.4,23584.7,11277.7,13112.6,4257.1,9378.7,9826.9,28284.3,8803.2,16449.9,13011.3,8847.1,11325.1,556.5,16909.3,6897.3,5442.8,30352.0,24683.0,10000.7,10474.3,17030.1,7647.7,3760.3,8391.9,11091.9,38008.8,17650.6,17624.5,11281.5,16934.2,8311.6,9866.7,10041.5,0.0,12153.3,9014.6,9271.7,10256.7,35796.8,9600.2,6900.7,10498.6,5139.5,7860.0,8828.2,4335.3,4807.2,8423.0,8494.5,9468.3,11651.5,23639.6,10573.0,8517.7,14038.0,8940.1,8446.7,23438.4,9847.2,33707.0,10447.1,10568.0,7543.3,6213.4,5405.6,18687.0,17411.9,16357.5,4591.2,33199.3,16180.5,5428.9,10697.6
70362005,63832.5,20626.3,20436.5,22551.7,20360.2,14666.9,12731.4,4795.4,22900.0,9268.6,16808.2,4475.3,4856.0,2438.4,15605.8,16757.7,17821.5,5122.5,12482.8,18170.9,41016.7,14852.8,4745.2,46943.2,3744.5,17057.7,62376.6,6644.6,1655.3,18406.0,16758.4,39681.5,14920.4,13892.1,19007.6,20842.5,14681.2,16303.1,11053.7,38711.3,19230.2,22570.1,23438.3,19274.1,12551.9,12239.3,18146.0,6826.5,15869.8,40779.0,25919.7,17730.6,8459.7,29059.8,17440.8,15464.8,15316.3,12318.6,36189.9,15562.7,15536.6,5032.7,14846.3,18738.6,11093.5,20468.5,12018.5,0.0,19441.6,4173.2,4007.9,46223.8,17330.0,11915.4,8484.1,15566.5,17116.0,3946.7,14762.3,13303.1,17353.0,18921.5,17459.6,5402.7,24876.3,21000.0,4687.0,21767.8,18064.8,18873.6,13570.3,20274.2,44134.0,3440.8,20995.0,6773.8,10408.2,15832.6,8818.9,29318.4,14357.4,15018.2,43626.3,13819.7,15855.9,21124.6
70373907,48504.9,2142.3,2711.1,4179.5,2665.9,7997.7,10207.1,14629.2,7601.6,11269.8,5467.1,14838.2,14917.9,19163.6,7426.7,4237.0,7054.0,14695.4,17755.2,23433.3,24391.3,20125.2,15385.6,30317.8,18979.0,3731.9,47049.0,14533.7,19996.7,5931.7,9593.3,23056.1,23507.5,30988.5,7871.0,10780.1,8615.0,11255.9,16326.1,22085.9,2205.1,11550.6,8112.0,3920.6,17824.3,6564.2,23408.5,15919.4,6606.0,24153.6,31182.2,9357.8,18102.4,12119.1,6764.1,5367.5,10269.1,17591.0,44507.9,24149.8,24123.7,20303.6,23433.4,2777.6,16365.9,4246.9,7234.9,21175.4,0.0,15904.5,19278.8,29598.4,8957.3,13399.9,18126.8,5570.1,6401.4,15461.0,5929.3,11306.4,5957.8,3409.7,7014.8,20673.6,30138.8,1474.2,17539.8,11534.9,6027.8,4192.6,30842.1,1739.1,27508.6,17079.9,1469.2,14404.5,12712.6,7789.7,26090.7,13110.9,22856.7,7211.3,27000.9,22679.7,4902.3,2752.4
70374983,60906.9,17700.7,17510.9,19626.2,17434.7,11741.3,9785.8,1275.3,19974.4,4975.9,13882.7,2203.7,2283.4,5847.0,12680.2,13832.2,14875.9,2060.9,11192.8,16880.9,38091.1,13562.9,2751.1,44017.6,7153.1,14132.1,59451.1,5159.6,4587.2,15460.4,13812.8,36755.9,16945.2,12296.8,16062.0,17896.9,11755.7,13357.5,9763.7,35785.7,16304.7,19624.5,20512.7,16348.5,11261.9,9313.7,16856.0,5341.5,12944.3,37853.4,24629.8,14785.0,7169.8,24531.6,14495.2,12539.2,12370.7,11028.7,39598.5,17587.4,17561.3,8441.3,16871.0,15813.0,9803.6,17543.0,9092.9,4161.2,16516.1,0.0,7416.5,43298.2,14384.4,10625.4,7194.1,12640.9,14170.4,892.8,11836.8,10357.5,14407.4,15995.9,14514.0,8811.2,23586.3,18074.4,3934.3,18822.2,15119.2,15948.1,11974.9,17348.7,41208.5,1845.4,18069.4,5288.8,9922.6,12907.0,7223.5,24913.4,16294.3,12092.6,40700.7,17228.3,12930.3,18199.0
70375866,62112.2,18906.0,18716.3,20831.5,18640.0,12946.6,11011.2,4206.5,21179.8,7548.4,15088.0,3886.4,4267.2,718.2,13885.6,15037.5,16101.3,4533.6,10762.6,16450.6,39296.4,13132.6,4459.2,45223.0,2024.3,15337.4,60656.4,4924.3,1066.5,16685.8,15038.2,37961.2,13200.2,16420.4,17287.4,19122.2,12961.0,14582.8,9333.5,36991.0,17510.0,20849.9,21718.0,17553.9,10831.7,10519.0,16425.8,5106.2,14149.6,39058.7,24199.5,16010.4,6739.5,27339.6,15720.6,13744.6,13596.1,10598.4,34469.7,13842.5,13816.3,3312.5,13126.0,17018.4,9373.3,18748.3,10298.3,2245.1,17721.4,5481.8,0.0,44503.5,15609.8,10195.1,6763.8,13846.2,15395.8,5038.3,13042.1,11582.8,15632.8,17201.2,15739.4,3682.4,23156.1,19279.8,2966.8,20047.6,16344.6,17153.4,16098.6,18554.0,42413.8,5969.0,19274.8,5053.5,8688.0,14112.4,11347.1,27598.2,12637.1,13297.9,41906.1,12099.5,14135.6,19404.4
70382544,55688.1,29027.2,29020.8,27122.7,29206.3,33993.2,36202.6,43014.0,25575.1,40217.5,31462.6,43223.0,43302.7,45159.2,33422.3,32960.5,32646.3,43080.2,45759.1,46585.3,13358.0,44616.0,43770.4,1051.8,44974.5,35103.1,40166.4,40529.2,45992.2,32553.8,34181.0,12779.1,50483.4,58610.5,30891.0,31925.0,34610.5,37251.4,42321.6,12120.2,30781.7,32121.2,26798.8,29134.8,45828.2,36403.4,46560.5,41914.9,32601.6,13120.3,54334.2,34597.1,44097.9,28191.7,32759.6,35042.8,36264.6,43586.5,71483.8,51125.7,51099.6,46299.1,50409.3,30290.1,42361.4,28682.9,36630.6,47170.9,31124.5,44289.3,45274.3,0.0,34196.6,39395.4,44122.3,33559.9,32971.8,43845.8,34340.4,37301.9,32920.1,29467.5,33098.2,46669.1,53290.7,30365.1,43535.3,29476.2,32179.3,28770.4,58464.2,29639.3,8330.1,45464.8,30360.1,40400.1,38708.1,33785.2,53712.8,29183.4,49832.6,33206.8,14594.0,49655.6,32899.7,28364.7
70382797,46918.2,8115.0,7925.3,10040.5,7849.0,6338.2,5799.6,12422.8,10391.3,11975.6,4565.5,12631.7,12711.4,14567.9,4514.6,7697.8,3907.9,12488.9,11966.4,15761.7,26346.7,14336.4,13179.1,34434.5,14383.3,8760.6,45462.3,8765.0,15400.9,4492.5,2004.5,25011.5,17718.7,29049.5,5094.0,4672.2,5952.9,3619.2,10537.3,24041.3,6719.0,7504.8,9200.0,6765.4,12035.5,8739.2,15736.9,11323.7,5296.3,26109.0,23510.6,400.6,10348.1,10459.6,3525.8,7167.7,3650.7,11802.2,38719.1,18361.0,18334.9,15707.8,17644.6,6227.4,10577.1,7959.8,8966.3,16579.6,9248.2,13698.1,14683.0,33715.1,0.0,7611.1,10372.5,6254.6,3202.5,13254.6,6465.2,5844.6,3439.4,6412.8,3546.1,16077.8,22467.2,8488.8,12944.1,6702.5,4151.3,6364.9,28903.2,7763.0,31625.3,14873.5,8483.8,8635.8,6923.8,4479.9,24151.8,10718.2,17067.9,5040.0,28956.3,16890.9,6544.0,8613.4
70390788,53113.8,12260.7,12070.9,14186.1,11994.6,6301.2,3133.1,8671.5,14534.4,8224.4,8833.8,7011.7,8960.2,6911.8,6096.8,8392.1,8174.9,8737.7,5869.5,11547.7,31765.4,8239.6,6780.4,38577.6,6727.2,8692.1,51657.9,2569.8,7744.9,8759.4,7111.8,30430.2,11621.9,25298.3,9361.0,11195.9,4783.8,6656.5,4440.4,29460.0,10864.6,12923.5,13467.0,10908.5,5938.7,5818.6,11522.8,7572.4,7504.2,31527.7,19296.6,8084.0,4153.0,17033.5,7794.2,7099.2,5669.7,5705.4,32622.3,12264.2,12238.0,8051.8,11547.7,10373.0,4480.3,12102.9,6045.7,8923.5,11076.0,9946.8,7026.9,37858.1,7683.5,0.0,4177.3,7200.9,7469.4,9503.3,6396.7,3704.7,7706.4,10555.9,7813.0,8421.7,18253.1,12634.4,5288.0,12121.3,8418.2,10508.0,25152.0,11908.6,35768.4,11122.3,12629.4,2440.7,2352.6,5617.2,20400.5,17292.1,10971.0,6652.5,34375.1,10794.1,7490.2,12759.0
70390791,58104.7,16649.0,16459.2,18574.5,16383.0,10689.6,7521.5,5292.8,18922.8,7424.9,13222.2,4567.1,4883.4,4467.1,10485.2,12780.5,12563.3,4836.5,5069.1,10757.1,36153.8,7439.1,4335.7,42965.9,4282.5,13080.4,56648.8,2847.8,5300.2,13147.8,11500.2,34818.6,10821.4,17577.3,13749.4,15584.2,9172.2,11044.9,3640.0,33848.4,15253.0,17311.9,17855.4,15296.8,5138.2,10207.0,10732.3,4982.8,11892.6,35916.1,18506.0,12472.4,486.1,21646.1,12182.6,11487.5,10058.1,4904.9,31821.8,11463.7,11437.6,5607.1,10747.3,14761.3,3679.8,16491.3,10174.8,6478.9,15464.4,6568.1,4582.3,42246.5,12071.8,4501.6,0.0,11589.2,11857.8,6124.6,10785.1,8093.1,12094.8,14944.2,12201.4,5977.1,17462.6,17022.7,2843.3,16509.6,12806.6,14896.4,17255.5,16297.0,40156.8,7126.0,17017.7,2718.7,6740.9,10005.6,12504.0,21904.7,10170.5,11040.9,38763.4,9993.6,11878.6,17147.3
70390799,49218.4,6012.2,5822.4,7937.6,5746.1,435.1,4836.5,11648.0,8285.9,8851.4,2194.1,11856.9,11936.6,13793.1,2087.8,1917.4,5643.0,11714.1,12384.6,18062.8,26402.6,14754.7,12404.4,32329.1,13608.5,3575.2,47762.5,9163.2,14626.2,5097.5,6289.9,25067.4,18137.0,27244.5,7261.3,9168.1,3444.2,6958.5,10955.5,24097.2,4616.1,12262.8,8824.1,4660.0,12453.8,5037.4,18037.9,10548.9,2689.1,26164.9,25811.7,6054.4,12731.9,12843.0,3460.6,2292.7,5971.7,12220.5,39137.4,18779.3,18753.1,14933.1,18062.9,4124.5,10995.4,5854.4,5264.5,15804.8,4827.5,12923.3,13908.3,31609.7,5653.8,8029.4,12756.2,0.0,3672.9,12479.8,2358.8,5935.9,4235.9,4307.4,5281.2,15303.0,24768.2,6385.9,12169.3,10093.5,4753.0,4259.5,27098.1,5660.1,29519.9,14098.7,6380.9,9034.0,7342.1,2386.3,22346.7,13224.8,17486.1,2395.1,29012.2,17309.2,1015.6,6510.5
70395155,47580.7,5665.9,5476.1,7591.3,5399.8,4843.5,6362.7,12985.8,7947.7,11067.8,2721.0,13194.8,13274.5,15131.0,2669.2,5254.2,1799.6,13052.0,12529.5,18207.6,26242.5,14899.5,13742.2,31990.9,14946.3,6833.3,46124.9,9328.1,15964.0,2038.8,3538.0,24907.3,18281.8,29460.8,3500.9,5203.1,4025.6,5200.5,11100.4,23937.2,4269.8,6930.7,7076.1,4321.8,12598.6,7253.7,18182.7,11886.8,3451.8,26004.8,25956.5,3005.4,10911.2,11119.9,272.4,5240.4,4213.8,12365.3,39282.2,18924.1,18898.0,16270.9,18207.7,3778.2,11140.2,5516.2,7480.9,17142.7,6799.0,14261.1,15246.1,31271.5,2604.8,8174.2,10935.5,4410.2,0.0,13817.6,4538.0,6407.7,904.9,3969.2,1437.7,16640.9,24913.0,6039.6,13507.1,6128.5,1694.3,3921.4,29314.5,5313.8,29181.8,15436.6,6034.6,9198.9,7486.9,2634.6,24563.0,11576.7,17630.9,3194.7,28852.2,17454.0,4699.5,6164.2
70396492,60463.4,17257.2,17067.4,19182.7,16991.2,11297.8,9342.3,831.8,19530.9,4532.4,13439.2,1760.2,1839.9,5158.7,12236.7,13388.7,14432.4,1617.4,10749.3,16437.4,37647.6,13119.4,2307.6,43574.1,6464.7,13688.6,59007.5,4716.1,3898.9,15016.9,13369.3,36312.4,17640.7,12070.3,15618.5,17453.4,11312.2,12914.0,9320.2,35342.2,15861.2,19181.0,20069.2,15905.0,10818.4,8870.2,16412.5,4898.0,12500.8,37409.9,24186.3,14341.5,6726.3,24088.1,14051.7,12095.7,11927.2,10585.2,38910.2,18282.9,18256.8,7753.0,17566.5,15369.5,9360.1,17099.5,8649.4,3934.7,16072.6,892.8,6728.1,42854.7,13940.9,10181.9,6750.6,12197.4,13726.9,0.0,11393.3,9914.0,13963.9,15552.4,14070.5,8122.9,23142.8,17630.9,3246.0,18378.7,14675.7,15504.6,11748.4,16905.2,40765.0,1618.9,17625.9,4845.3,9479.1,12463.5,6997.0,24469.9,15850.8,11649.1,40257.2,16539.9,12486.8,17755.5
70398370,51112.1,7905.9,7716.1,9831.3,7639.8,1947.6,4242.1,11053.5,10179.6,8257.0,4087.8,11262.5,11342.2,13198.7,2576.2,3185.0,7489.0,11119.7,11790.2,17468.4,28296.3,14160.2,11809.9,34222.8,13014.0,2336.2,49656.2,8568.8,14031.7,6991.2,6600.7,26961.1,17542.5,26650.0,8675.1,10510.0,2660.8,6776.1,10361.1,25990.9,6509.8,12237.6,10717.9,6553.7,11859.3,3108.4,17443.5,9954.5,2841.5,28058.6,25217.2,7398.1,12137.5,14736.7,5354.3,743.3,5789.3,11626.1,38543.0,18184.8,18158.7,14338.6,17468.4,6018.2,10400.9,7748.1,4670.1,15210.4,6721.2,12328.8,13313.8,33503.4,6997.5,7434.9,12161.8,2846.1,5566.6,11885.3,0.0,5341.4,6129.6,6201.1,7127.1,14708.6,24173.8,8279.6,11574.8,11435.3,6646.7,6153.3,26503.7,7553.8,31413.6,13504.3,8274.6,8439.6,6747.6,2803.0,21752.3,15118.5,16891.7,1989.9,30905.9,16714.7,3135.5,8404.2
70398392,51846.0,10682.6,10492.8,12608.1,10416.6,4723.2,1555.1,8978.5,12956.4,8055.5,6864.6,9187.4,9267.1,11123.6,3676.9,6814.1,6907.2,9044.6,8537.5,14215.7,31073.0,10907.6,9734.8,36999.5,10939.0,7114.0,50390.2,5316.1,11956.7,7491.7,5844.1,29737.8,14289.9,25605.2,8093.3,9928.2,2719.9,5388.8,7108.5,28767.6,9286.6,11655.8,12199.3,9330.4,8606.7,4240.6,14190.8,7879.4,5926.2,30835.3,21964.6,6816.3,8884.8,17513.5,6526.5,5521.1,4402.0,8373.4,35290.3,14932.2,14906.0,12263.6,14215.8,8794.9,7148.3,10524.9,4467.7,13135.3,9498.0,10253.8,11238.7,36280.1,6415.7,4182.3,8909.1,5622.8,6201.7,9810.3,4818.7,0.0,6438.7,8977.8,6545.3,12633.5,20921.1,11056.4,9499.8,10853.5,7150.5,8930.0,25458.9,10330.6,34190.4,11429.2,11051.3,5186.9,3495.0,3197.2,20707.5,16024.3,13639.0,5074.5,33682.6,13462.1,5912.2,11180.9
70400253,47037.4,5122.5,4932.8,7048.0,4856.5,5451.3,6195.5,12818.7,7404.4,11675.5,2920.7,13027.6,13107.3,14963.8,2864.0,4710.9,1632.4,12884.8,12362.3,18040.5,25699.2,14732.3,13575.1,31447.6,14779.2,8093.8,45581.5,9160.9,15796.9,1495.5,3370.8,24364.0,18114.6,30068.5,2957.5,5035.9,4220.4,5033.4,10933.2,23393.8,3726.5,6763.6,6532.8,3778.5,12431.4,7861.5,18015.6,11719.6,4059.6,25461.5,25789.3,2838.2,10744.0,10576.6,806.1,6500.9,4046.6,12198.2,39115.1,18756.9,18730.8,16103.8,18040.5,3234.9,10973.0,4972.9,8088.6,16975.5,6255.7,14094.0,15079.0,30728.2,2437.6,8007.0,10768.4,5017.9,657.2,13650.5,5798.4,6240.6,0.0,3425.9,1270.6,16473.7,24745.9,5496.3,13340.0,5961.3,1151.0,3378.1,29922.2,4770.5,28638.4,15269.4,5491.3,9031.7,7319.7,2829.4,25170.8,11033.4,17463.8,4664.8,28308.9,17286.8,4650.1,5620.9
70401488,46834.2,1805.1,1681.6,4390.0,1605.4,6093.0,8302.3,15113.7,5235.6,12317.2,3562.4,15322.7,15402.4,17258.9,5522.0,3423.6,5149.2,15179.9,15850.4,21528.6,23352.3,18220.5,15870.1,29278.8,17074.3,5735.0,45378.3,12629.0,18091.9,4026.9,7688.6,22017.1,21602.8,30710.2,5966.2,8875.4,6710.3,9351.1,14421.3,21046.9,1609.3,9212.5,5773.8,1458.6,15919.5,8503.2,21503.7,14014.7,4701.3,23114.6,29277.4,7453.1,16197.7,10448.4,4859.3,7142.6,8364.4,15686.3,42603.2,22245.0,22218.9,18398.8,21528.6,1117.7,14461.2,2804.1,8730.3,19270.6,3186.9,16389.1,17374.0,28559.4,7052.5,11495.1,16222.0,5659.6,4496.6,15945.6,6440.1,9401.6,4053.0,0.0,5110.0,18768.8,28234.0,2427.5,15635.1,9196.7,4123.0,1077.5,30563.9,1701.8,26469.6,17564.5,2422.5,12499.8,10807.8,5884.9,25812.5,10174.5,20951.9,5306.5,25961.9,20775.0,4999.5,2962.8
70408061,46337.1,6150.3,5005.5,8075.8,4929.2,6479.0,6724.2,13347.4,8847.9,12703.3,3948.4,13556.3,13636.0,15492.5,3891.8,5738.7,992.3,13413.5,12891.0,18569.1,24999.0,15261.0,14103.7,32009.3,15307.9,9121.5,44881.3,9689.6,16325.6,1316.1,3899.5,23663.8,18643.3,29974.1,2257.3,4508.5,5248.1,5562.1,11461.9,22693.6,4754.3,6236.2,5832.5,3576.3,12960.1,8889.2,18544.3,12248.3,5087.4,24761.3,26318.0,2287.0,11272.7,9876.4,1833.8,7528.6,4575.3,12726.8,39643.7,19285.6,19259.5,16632.5,18569.2,4262.6,11501.7,4846.3,9116.4,17504.2,7283.5,14622.7,15607.6,31289.9,1886.4,8535.7,11297.1,6045.7,1551.3,14179.2,6826.2,6769.2,1027.7,3323.9,0.0,17002.4,25274.6,6524.0,13868.7,5433.9,959.9,3248.8,29827.8,5798.3,29200.2,15798.1,6519.0,9560.4,7848.4,3857.1,25076.4,10333.2,17992.5,5692.6,27608.6,17815.5,5677.9,6648.6
70408272,65755.2,20209.3,20019.5,22134.8,19943.3,14249.9,12314.5,5509.7,22483.0,8851.6,16391.2,5189.7,5570.4,2021.4,15188.8,16340.8,17404.5,5836.8,12365.4,18002.9,40599.7,13786.1,5459.6,46526.2,3327.5,16640.7,64299.3,6227.6,2369.7,17989.0,16341.4,39264.5,9826.0,17723.6,18590.6,20425.5,14264.2,15886.1,10636.7,38294.3,18813.3,22153.1,23021.3,18857.1,12434.5,11822.3,17978.0,6409.5,15452.8,40362.0,25751.7,17313.6,8042.8,29296.6,17023.8,15047.8,14899.3,12507.5,31095.5,10468.3,10442.2,2676.6,9751.9,18321.6,10676.6,20051.5,11601.5,3548.4,19024.7,6785.1,1651.8,45806.8,16913.1,11498.4,8067.1,15149.5,16699.0,6341.5,14345.3,12886.1,16936.0,18504.5,17042.7,0.0,24708.3,20583.0,4270.1,21350.9,17647.8,18456.7,17401.8,19857.3,43717.1,7272.3,20578.0,6356.8,9991.2,15415.6,12650.4,29555.2,9262.9,14601.2,43209.3,8725.3,15438.9,20707.6
70408277,61979.4,29365.4,29175.6,31290.8,29099.3,23406.0,20237.8,22413.8,33838.0,24545.9,25938.5,21688.1,22004.4,21588.2,23201.5,25496.8,25279.6,21957.5,13385.9,6811.5,45636.2,12242.9,21456.8,53510.3,21403.6,25796.8,60523.6,19765.7,22421.2,25864.1,20138.4,44301.0,12700.6,34698.3,25208.3,21297.1,21888.5,19539.5,15075.1,43330.8,27969.3,23556.6,30822.6,28013.2,13455.1,22923.3,6931.6,22103.8,24608.9,45398.5,1189.0,21134.4,17747.0,25520.8,24898.9,24203.9,22774.4,13528.0,18490.7,11869.9,12059.0,22728.1,12626.5,27477.7,15115.0,29207.6,23150.5,23599.9,28180.7,23689.1,21703.3,52790.9,21436.7,17218.0,17771.3,24305.6,24574.1,23245.6,23501.4,20809.4,24811.1,27660.6,24917.8,23098.1,0.0,29739.1,19964.4,24591.8,25522.9,27612.7,34376.5,29013.3,50701.1,24247.0,29734.1,19636.5,19457.3,22721.9,29625.1,25779.4,17459.5,23757.2,48245.8,17282.5,24594.9,29863.7
70408280,47776.8,1356.5,1827.0,3295.4,1880.2,8700.5,10909.8,16118.8,6865.7,12759.4,6169.8,16327.7,16407.5,19866.4,8129.5,4443.7,5995.7,16184.9,18457.9,24136.1,23507.2,20827.9,16875.2,29433.7,19681.8,4585.7,46320.9,15236.5,20699.4,6634.4,10296.1,22172.0,24210.3,31308.6,6408.6,9514.0,9317.8,11958.6,17028.8,21201.8,2411.9,10814.7,7376.1,3134.9,18527.0,11110.6,24111.2,16622.2,7308.8,23269.5,31884.9,10060.6,18805.2,11391.1,7466.8,6221.2,10971.9,18293.8,45210.7,24852.5,24826.4,21006.3,24136.1,3480.3,17068.6,3362.8,11337.8,21878.1,1589.8,17394.1,19981.5,28714.3,9660.0,14102.6,18829.5,5776.8,7104.1,16950.6,9047.6,12009.1,6660.5,2624.0,7717.5,21376.3,30841.5,0.0,18242.6,10799.0,5528.7,3406.8,31162.3,953.4,26624.6,18569.5,5.0,15107.3,13415.3,8492.4,26410.9,12382.8,23559.4,7914.0,26116.8,23382.4,5109.1,1868.3
70412170,59608.4,16402.3,16212.5,18327.7,16136.2,10442.9,8507.4,2487.1,18676.0,5044.6,12584.2,1761.4,2077.7,3903.0,11381.8,12533.7,13597.5,2030.8,8258.8,13946.9,36792.6,10628.8,1530.1,42719.2,3718.3,12833.7,58152.6,2420.6,3381.6,14182.0,12534.4,35457.4,14011.1,14771.6,14783.6,16618.4,10457.2,12079.1,6829.7,34487.3,15006.2,18346.1,19214.2,15050.1,8327.9,8015.2,13922.0,2602.4,11645.8,36554.9,21695.7,13506.6,4235.7,24835.8,13216.8,11240.8,11092.3,8094.6,35011.5,14653.4,14627.3,5042.9,13937.0,14514.6,6869.5,16244.5,7794.5,5914.7,15217.6,3762.4,4018.1,41999.7,13106.0,7691.4,4260.1,11342.5,12892.0,3318.9,10538.3,9079.1,13129.0,14697.5,13235.6,5412.9,20652.3,16776.0,0.0,17543.8,13840.8,14649.6,14449.8,16050.2,39910.0,4320.3,16771.0,2549.7,6184.2,11608.6,9698.4,25094.4,13360.3,10794.1,39402.3,13829.9,11631.8,16900.6
70428043,41229.9,8710.7,7849.3,9758.4,7911.8,11110.5,10571.9,17195.1,8353.3,16747.9,8734.7,17404.0,17483.7,19340.2,8798.4,11704.6,5517.9,17261.2,16738.7,17808.0,22062.6,15838.7,17951.5,31514.7,19155.6,13532.9,39774.0,13537.3,20173.3,6102.4,6544.1,20727.4,21706.1,33821.9,5007.0,4288.1,10725.2,8143.1,15309.6,19757.2,9820.9,1035.2,5337.9,7878.9,16807.8,13511.5,17783.1,16096.0,9873.7,21824.9,25556.9,5338.5,15120.4,4771.3,6141.3,11940.0,8423.0,16574.6,42706.5,22348.4,22322.3,20480.2,21632.0,9329.3,15349.4,7423.9,13738.7,21351.9,11357.5,18470.4,19455.4,30795.3,4938.0,12383.4,15144.8,10832.0,5919.3,18026.9,11237.5,10617.0,5814.0,8211.6,5156.0,20850.1,24513.4,9615.9,17716.4,0.0,5761.2,7514.5,33675.5,9872.3,28705.5,19645.8,9610.9,13408.1,11696.1,9584.3,28924.1,5029.9,21055.3,10478.9,24672.2,20878.3,11643.8,8422.4
70433908,46171.4,5790.4,5600.7,7715.9,5524.4,6119.2,7012.6,13635.7,8682.2,12343.4,3588.6,13844.7,13924.4,15780.9,3743.7,5378.8,987.8,13701.9,13179.3,18857.5,24833.2,15549.4,14392.1,31843.6,15596.2,8761.6,44715.6,9977.9,16613.9,1168.1,4187.9,23498.1,18931.7,30262.5,2091.6,4506.1,5100.1,5850.4,11750.2,22527.9,4394.4,6233.8,5666.8,3410.5,13248.5,8529.4,18832.6,12536.6,4727.5,24595.6,26606.4,2575.4,11561.1,9710.6,1685.8,7168.8,4863.7,13015.2,39932.1,19574.0,19547.8,16920.8,18857.6,3902.8,11790.1,4680.6,8756.5,17792.6,6923.6,14911.0,15896.0,31124.2,2174.8,8824.1,11585.4,5685.8,1536.9,14467.5,6466.3,7057.6,879.7,3158.2,1031.5,17290.8,25562.9,6164.2,14157.0,5431.5,0.0,3083.0,30116.2,5438.4,29034.4,16086.5,6159.2,9848.8,8136.8,3709.1,25364.7,10167.5,18280.8,5332.7,27442.9,18103.9,5318.0,6288.8
70435202,45174.3,2456.2,1902.0,5200.5,1825.7,5842.2,8051.5,14863.0,4241.8,12066.4,3311.6,15071.9,15151.6,17008.1,5271.2,4074.6,3601.6,14929.1,15599.6,21277.8,22358.5,17969.7,15619.3,28285.0,16823.5,8484.7,43718.4,12378.2,17841.2,3727.4,7437.8,21023.3,21352.0,30459.5,4014.6,7119.9,6459.5,9100.3,14170.5,20053.1,2260.3,8218.7,4780.1,415.0,15668.7,8252.4,21252.9,13763.9,4450.5,22120.8,29026.7,7202.3,15946.9,8798.9,4608.5,6891.8,8113.6,15435.5,42352.4,21994.3,21968.1,18148.1,21277.8,1768.7,14210.4,1810.3,8479.5,19019.8,3838.0,16138.3,17123.2,27565.6,6801.7,11244.3,15971.2,5408.8,4820.8,15694.8,6189.3,9150.8,3815.2,740.2,4053.5,18518.0,27983.2,3078.6,15384.3,8203.0,3134.6,0.0,30313.1,2352.8,25475.9,17313.7,3073.5,12249.0,10557.1,5634.2,25561.7,9180.8,20701.1,5055.7,24968.1,20524.2,4748.7,3864.5
70450886,78734.5,32682.9,32493.1,34566.5,32416.8,26723.5,21517.2,13006.7,34956.6,16707.3,28864.8,13935.0,14014.7,16423.2,27662.4,28814.3,26607.3,13792.2,22924.2,28612.3,53073.3,25294.2,14482.5,58999.8,17729.2,29114.3,77278.6,16890.9,15411.4,27191.8,25544.2,51738.1,28905.2,1245.6,27793.4,29628.2,26737.8,25088.8,21495.1,50767.9,31286.8,31355.9,35494.8,31330.7,22993.3,24297.0,28587.4,17072.8,27926.4,52835.6,36361.1,26516.4,18901.1,42348.8,30131.3,27521.4,24102.1,22760.0,50174.7,29547.4,29521.3,19017.5,28831.0,30795.2,21534.9,32525.1,24075.1,13984.7,31498.2,12401.4,17992.6,58280.4,26115.8,22356.8,18925.5,27623.1,25901.8,12174.9,26818.9,22088.8,26138.8,30978.1,26245.4,19387.4,35317.7,33056.6,14758.5,30553.6,26850.6,30930.2,0.0,32330.8,56190.6,11131.2,33051.6,17020.1,21653.9,27889.2,5541.6,43340.5,28342.1,27074.7,55682.9,27804.4,27912.4,33173.4
70464520,47179.1,953.5,1245.3,2853.7,1477.2,7799.7,10009.0,16820.5,6275.8,14023.9,5269.1,17029.4,17109.1,18965.6,7228.7,5130.3,5592.7,16886.6,17557.1,23235.3,23065.5,19927.2,17576.8,28992.0,18781.0,5388.9,45723.2,14335.7,19798.7,5733.6,9395.3,21730.3,23309.5,32416.9,6005.7,9111.0,8417.0,11057.8,16128.0,20760.1,3316.0,10224.8,6786.2,2731.9,17626.2,10209.9,23210.4,15721.4,6408.0,22827.8,30984.2,9159.8,17904.4,10793.3,6566.0,8849.3,10071.1,17393.0,44309.9,23951.7,23925.6,20105.6,23235.3,2824.4,16167.9,2781.1,10437.0,20977.3,2393.0,18095.8,19080.7,28272.6,8759.2,13201.8,17928.7,7366.3,6203.3,17652.3,8146.8,11108.3,5759.7,2221.0,6816.7,20475.5,29940.7,1460.0,17341.8,10209.1,5125.7,3003.9,32270.6,0.0,26182.9,19271.2,1455.0,14206.5,12514.6,7591.7,27519.2,11785.1,22658.6,7013.2,25675.1,22481.7,6706.2,1426.6
70465560,35928.7,26630.3,26623.9,24725.7,26809.3,31596.3,33805.6,40617.1,23178.2,37820.5,29065.7,40826.0,40905.7,42762.2,31025.3,30563.5,30249.4,40683.2,43362.1,44188.4,6738.8,42219.1,41373.4,7842.1,42577.6,32706.1,34775.8,38132.3,43595.3,30156.9,31784.0,6159.9,48086.5,56213.6,28494.1,29528.0,32213.6,34854.4,39924.6,7777.7,28384.8,29724.3,24401.9,26737.8,43431.2,34006.5,44163.5,39518.0,30204.6,6501.1,51937.2,32200.2,41701.0,25794.7,30362.6,32645.9,33867.7,41189.6,69086.9,48728.8,48702.6,43902.2,48012.4,27893.1,39964.5,26286.0,34233.6,44773.9,28727.6,41892.4,42877.3,8534.5,31799.6,36998.4,41725.3,31162.9,30574.9,41448.9,31943.4,34905.0,30523.2,27070.6,30701.2,44272.1,50893.8,27968.1,41138.4,27079.3,29782.3,26373.4,56067.2,27242.4,0.0,43067.8,27963.1,38003.1,36311.2,31388.3,51315.8,26786.5,47435.6,30809.8,6609.2,47258.7,30502.8,25967.8
70484079,62082.3,18876.1,18686.4,20801.6,18610.1,12916.7,10961.3,2450.7,21149.9,6151.3,15058.1,3379.1,3458.8,5867.2,13855.7,15007.6,16051.3,3236.3,12368.2,18056.3,39266.5,14738.3,3926.5,45193.1,7173.3,15307.5,60626.5,6335.0,4855.5,16635.8,14988.2,37931.3,18349.2,11038.2,17237.4,19072.3,12931.1,14532.9,10939.1,36961.1,17480.1,20799.9,21688.1,17524.0,12437.4,10489.1,18031.5,6516.9,14119.7,39028.8,25805.2,15960.4,8345.2,25707.0,15670.6,13714.7,13546.1,12204.1,39618.7,18991.5,18965.4,8461.5,18275.1,16988.5,10979.0,18718.4,10268.4,3428.8,17691.5,1845.4,7436.7,44473.6,15559.9,11800.8,8369.5,13816.3,15345.8,1618.9,13012.2,11532.9,15582.8,17171.3,15689.5,8831.5,24761.7,19249.9,4202.6,19997.7,16294.6,17123.5,10716.4,18524.1,42383.9,0.0,19244.9,6464.2,11098.0,14082.5,5964.9,26088.8,17786.2,13268.0,41876.2,17248.5,14105.7,19374.5
70490240,47771.8,1351.5,1832.0,3300.5,1875.2,8197.6,10407.0,16113.8,6860.7,12754.4,5667.0,16322.7,16402.4,19363.6,7626.7,4448.8,5990.7,16179.9,17955.1,23633.2,23512.2,20325.1,16870.2,29438.7,19178.9,4590.7,46315.9,14733.6,20196.6,6131.6,9793.2,22177.0,23707.4,31303.6,6403.6,9509.0,8814.9,11455.8,16526.0,21206.8,2416.9,10809.7,7371.0,3129.9,18024.2,10607.8,23608.4,16119.3,6806.0,23274.5,31382.1,9557.7,18302.3,11386.0,6964.0,6226.2,10469.0,17790.9,44707.8,24349.7,24323.6,20503.5,23633.3,3485.3,16565.8,3367.8,10835.0,21375.3,1594.8,17389.1,19478.7,28719.3,9157.2,13599.8,18326.7,5781.8,6601.3,16945.6,8544.8,11506.3,6157.7,2619.0,7214.7,20873.5,30338.7,5.0,17739.7,10793.9,5523.7,3401.8,31157.3,948.4,26629.6,18564.5,0.0,14604.5,12912.5,7989.6,26405.9,12377.8,23056.6,7411.2,26121.8,22879.6,5114.1,1873.3
70494785,54395.7,13542.5,13352.8,15468.0,13276.5,7583.1,4415.0,5296.8,15816.3,5630.6,10115.7,4571.1,4887.3,4471.1,7378.7,9674.0,9456.8,4840.4,8826.9,14515.0,33047.3,11197.0,4339.7,39859.5,4286.5,9974.0,52939.8,129.2,5304.2,10041.3,8393.7,31712.1,14579.3,17581.3,10642.9,12477.8,6065.7,7938.4,7397.8,30741.9,12146.5,14205.4,14748.9,12190.4,8896.1,7100.5,14490.2,3188.4,8786.1,32809.6,22263.9,9365.9,4803.9,18315.4,9076.1,8381.1,6951.6,8662.8,35579.7,15221.6,15195.4,5611.1,14505.2,11654.9,7437.7,13384.8,7327.6,6482.8,12357.9,6572.1,4586.3,39140.0,8965.3,2443.8,4828.2,8482.8,8751.3,6128.6,7678.6,4986.6,8988.3,11837.8,9094.9,5981.0,21220.4,13916.3,2847.3,13403.1,9700.1,11789.9,17259.5,13190.5,37050.3,7130.0,13911.3,0.0,3634.4,6899.1,12508.0,18574.0,13928.4,7934.4,35657.0,14398.1,8772.1,14040.9
70494786,52125.1,11394.7,11205.0,13320.2,11128.7,6758.9,3590.8,9129.2,13671.0,8682.0,7845.2,10292.3,9417.8,10192.4,6531.9,8849.8,7186.2,9195.3,6003.9,11682.1,30776.7,8374.0,10061.0,37714.2,10007.8,9149.7,50669.2,3288.8,11025.5,7770.8,5504.1,29441.6,11756.3,25755.9,8372.3,10207.2,5241.4,4397.4,4574.8,28471.4,9998.7,11934.8,12478.3,10045.1,6073.1,6276.2,11657.2,8030.1,7961.8,30539.1,19431.0,7095.3,6351.2,16044.8,6805.5,7556.8,3410.6,5839.8,32756.7,12398.6,12372.4,11332.3,11682.2,9507.1,4614.7,11239.5,6503.4,12204.1,12527.9,10404.5,10307.5,36994.8,6694.8,1648.7,6375.5,7658.5,6480.8,9961.0,6854.3,4162.4,6717.7,9692.5,6824.4,11702.3,18387.5,11768.5,8568.6,11132.6,7429.6,9644.6,25609.6,11042.7,34905.0,11579.9,11763.5,3159.6,0.0,6052.3,20858.2,16303.4,11105.4,7110.2,33386.4,10928.5,7947.9,11893.1
70494791,49464.0,6858.6,6668.9,8784.1,6592.6,1997.0,2820.7,11008.7,9134.9,8212.1,3309.0,11217.6,11297.3,13153.8,458.6,4086.8,5241.7,11074.8,9978.2,15656.4,27251.6,12348.3,11765.0,33178.1,12969.2,4419.4,48008.2,6776.8,13986.8,3922.1,4353.4,25916.4,15730.6,26605.1,6427.8,8262.6,1611.7,4528.7,8549.1,24946.2,5462.6,9990.3,8959.4,5509.0,10047.4,4398.1,15631.5,9909.6,1663.7,27013.9,23405.3,5150.8,8360.0,13692.0,2285.2,2826.5,3542.0,9814.1,36731.0,16372.9,16346.7,14293.7,15656.5,4971.0,8589.0,6703.4,4625.2,15165.5,7991.8,12284.0,13268.9,32458.7,4750.2,5623.0,8384.3,2895.5,2537.9,11840.5,2124.1,3210.4,3060.5,5156.4,4879.8,14663.7,22361.8,7232.4,11530.0,9188.0,3577.6,5108.5,26458.8,6506.6,30368.9,13459.4,7227.3,6647.7,4935.7,0.0,21707.4,14358.8,15079.7,1020.4,29861.2,14902.8,3184.9,7357.0
70521396,73592.4,27540.7,27351.0,29424.4,27274.7,21581.3,16375.1,7864.6,29814.5,11565.1,23722.7,8792.9,8872.6,11281.0,22520.2,23672.2,21465.1,8650.1,17782.1,23470.1,47931.1,20152.1,9340.3,53857.6,12587.1,23972.1,72136.5,11748.8,10269.3,22049.7,20402.0,46595.9,23763.0,5296.3,22651.2,24486.1,21595.7,19946.7,16353.0,45625.7,26144.7,26213.7,30352.7,26188.5,17851.2,19154.9,23445.3,11930.7,22784.3,47693.4,31219.0,21374.2,13759.0,37206.6,24989.2,22379.2,18959.9,17617.9,45032.5,24405.3,24379.2,13875.3,23688.9,25653.0,16392.8,27383.0,18932.9,8842.6,26356.1,7259.2,12850.5,53138.2,20973.7,17214.6,13783.3,22480.9,20759.7,7032.7,21676.8,16946.7,20996.6,25835.9,21103.3,14245.3,30175.6,27914.5,9616.4,25411.5,21708.5,25788.1,4974.5,27188.7,51048.5,5989.0,27909.4,11878.0,16511.8,22747.1,0.0,38198.4,23200.0,21932.6,50540.8,22662.3,22770.3,28031.2
70521405,37773.7,10175.2,9313.9,11222.9,9376.4,14201.9,16411.2,22273.5,9632.3,20426.1,11671.3,22482.4,22562.1,26232.7,13630.9,13169.2,10441.6,22339.6,18127.1,18953.4,21430.4,16984.1,26101.3,29304.5,26048.1,16844.4,36317.8,18615.7,27065.8,10349.1,10794.8,20095.2,22851.5,38819.2,8686.3,6979.0,14819.2,12393.8,19816.3,19125.0,11285.5,4989.1,6616.9,9343.4,18196.2,16612.1,18928.5,21174.4,12810.2,21192.7,26702.2,10416.9,22391.5,1315.1,11667.3,15251.5,13501.4,18269.2,43851.9,23493.8,23467.6,27372.7,22777.4,10793.8,19856.1,8888.4,16839.2,28244.4,12822.1,23548.8,26347.9,28585.1,10016.3,17461.8,22415.9,13768.5,11518.4,23105.3,14549.0,15695.3,10715.4,9676.2,10234.4,27742.6,25658.8,11080.4,24608.9,4973.4,9974.6,8979.0,38672.8,11336.9,26495.4,24724.2,11075.4,18486.5,16774.5,13993.9,33921.4,0.0,22200.6,13415.4,24040.1,22023.7,13108.4,9886.9
70525152,58393.3,22050.1,21860.4,23975.6,21784.1,16090.7,12922.6,15533.6,24323.9,18875.5,18623.3,15213.6,15594.3,12045.3,15886.3,18181.6,17964.4,15860.7,5003.5,10641.0,42050.0,6424.3,15483.5,48367.0,13351.4,18481.5,56937.4,12450.5,12393.6,18548.9,16552.3,40714.9,875.8,27747.5,19150.5,17711.0,14573.3,16446.0,6692.7,39744.7,20654.1,19970.5,23256.5,20697.9,5072.6,15608.1,10616.1,16433.4,17293.7,41812.4,18389.9,17548.2,10417.5,21934.7,17583.7,16888.6,15459.2,5145.6,21876.3,1518.1,1492.0,10645.3,801.7,20162.4,6732.5,21892.4,15835.2,13572.3,20865.5,16808.9,11675.7,47647.6,17472.9,9902.8,10441.8,16990.3,17258.9,16365.4,16186.2,13494.2,17495.9,20345.3,17602.5,10023.9,17346.4,22423.9,14294.0,21005.7,18207.7,20297.5,27425.7,21698.1,45557.9,17296.2,22418.8,12321.3,12142.0,15406.7,22674.3,22193.3,0.0,16442.0,44659.7,1158.2,17279.7,22548.4
70535019,50356.4,7150.2,6960.4,9075.6,6884.1,1191.9,3404.9,10216.4,9423.9,7419.8,3332.1,10425.3,10505.0,12361.5,1724.6,3281.6,6637.4,10282.5,10953.0,16631.2,27540.6,13323.1,10972.7,33467.1,12176.9,3834.3,48900.5,7731.6,13194.6,6235.5,5749.1,26205.4,16705.4,25812.8,7823.5,9658.3,1809.2,5924.5,9523.9,25235.2,5754.1,11386.0,9962.1,5798.0,11022.1,3605.8,16606.3,9117.3,1494.2,27302.9,24380.0,6546.5,11300.3,13981.0,4598.6,2241.5,4937.7,10788.9,37705.8,17347.6,17321.5,13501.4,16631.2,5262.5,9563.8,6992.4,3832.9,14373.2,5965.5,11491.7,12476.6,32747.7,6145.9,6597.7,11324.6,2090.4,4810.9,11048.2,1539.0,4504.2,5373.8,5445.4,6275.5,13871.4,23336.6,7523.9,10737.7,10583.7,6880.7,5397.5,25666.5,6798.1,30657.9,12667.1,7518.9,7602.4,5910.4,1951.4,20915.1,14362.8,16054.5,0.0,30150.2,15877.6,2379.7,7648.5
70544149,30575.0,25332.8,25326.4,23428.2,25511.8,30298.8,32508.1,39319.6,21880.7,36523.0,27768.2,39528.5,39608.2,41464.7,29727.8,29266.0,28010.0,39385.7,40905.2,41731.4,4026.5,39762.1,40075.9,12389.8,41280.1,31408.6,29422.1,36320.3,42297.8,27917.6,29327.1,4382.0,45629.5,54916.0,26254.8,27071.1,30916.1,30926.1,38092.6,5999.8,27087.3,25424.6,23104.4,25440.3,40974.3,32709.0,41706.6,38220.5,28907.1,3457.6,49480.3,28121.5,37903.4,23337.8,29065.1,31348.4,31206.0,41047.2,66629.9,46271.8,46245.7,42604.6,45555.4,26595.6,38132.4,24988.5,32936.1,43476.4,27430.0,40594.9,41579.8,13082.2,27720.9,35166.4,37927.8,29865.4,29086.9,40151.4,30645.9,33607.4,28283.8,25773.1,28461.9,42974.6,48436.8,26670.6,39840.9,24622.3,27543.0,25075.9,54769.7,25944.9,7181.5,41770.3,26665.6,36191.1,34479.1,30090.8,50018.3,24329.5,44978.7,29512.3,0.0,44801.7,29205.3,24670.2
70548634,58552.4,22209.3,22019.5,24134.7,21943.2,16249.9,13081.7,14605.5,24483.0,17947.4,18782.4,14285.4,14666.2,11117.2,16045.4,18340.7,18123.5,14932.6,5162.6,10800.1,42209.2,6583.4,14555.3,48526.2,12423.3,18640.7,57096.6,15323.3,11465.5,18708.0,16711.5,40874.0,1070.0,26819.4,19309.6,17870.1,14732.4,16605.1,6851.8,39903.8,20813.2,20129.7,23415.6,20857.1,5231.8,15767.2,10775.2,15505.2,17452.8,41971.5,18549.0,17707.4,10576.6,22093.8,17742.8,17047.8,15618.3,5304.7,21967.2,1712.2,1686.1,9717.2,995.8,20321.6,6891.7,22051.5,15994.4,12644.1,21024.6,15880.8,10747.5,47806.8,17632.1,10061.9,10601.0,17149.5,17418.0,15437.3,16345.3,13653.3,17655.0,20504.5,17761.7,9095.8,17505.5,22583.0,13365.8,21164.8,18366.8,20456.6,26497.6,21857.2,45717.0,16368.1,22578.0,12480.4,12301.2,15565.8,21746.1,22352.4,1006.7,16601.1,44818.8,0.0,17438.8,22707.6
70556250,49596.5,6390.3,6200.5,8315.8,6124.3,1463.0,5710.1,12521.6,8664.0,9725.0,2572.3,12730.5,12810.2,14666.7,2303.2,901.9,6021.2,12587.7,13258.2,18936.4,26780.7,15628.3,13278.0,32707.2,14482.1,3373.7,48140.6,10036.8,15499.8,5475.6,6668.1,25445.5,19010.6,28118.1,7639.5,9546.3,3659.6,7173.8,11829.1,24475.3,2740.7,12640.9,9202.3,5038.1,13327.4,5911.0,18911.5,11422.5,3067.3,26543.0,26685.3,6432.5,13605.5,13221.2,3838.8,2240.8,6187.0,13094.1,40011.0,19652.9,19626.7,15806.7,18936.5,4502.6,11869.0,6232.5,6138.1,16678.4,4084.7,13796.9,14781.9,31987.8,6032.0,8903.0,13629.8,1220.2,4051.0,13353.4,2294.9,6809.5,4614.0,4685.5,5659.3,16176.6,25641.8,6764.0,13042.9,10471.6,5131.2,4637.7,27971.7,6038.3,29898.1,14972.3,6759.0,9907.6,8215.7,2601.7,23220.3,13603.0,18359.7,2610.5,29390.3,18182.8,0.0,6888.6
70584255,46799.9,1012.5,1006.1,2474.5,1191.5,7879.5,10088.9,16900.3,5896.6,14103.8,5348.9,17109.3,17189.0,19045.5,7308.6,4965.3,6935.8,16966.5,17637.0,23315.2,22686.3,20007.0,17656.7,28612.8,18860.8,5385.1,45344.0,14415.5,19878.5,5813.5,9475.2,21351.1,23389.3,33570.4,7752.8,10662.0,8496.8,11137.7,16207.9,20380.9,3151.0,9845.6,6407.0,2913.0,17706.1,10289.7,23290.3,15801.2,6487.9,22448.6,31064.0,9239.6,17984.3,10414.2,6645.9,8929.1,10150.9,17472.8,44389.8,24031.6,24005.5,20185.4,23315.2,2659.4,16247.7,2541.9,10516.9,21057.2,2389.2,18175.6,19160.6,27893.4,8839.1,13281.7,18008.6,7446.2,6283.2,17732.1,8226.7,11188.2,5839.6,2402.1,6896.6,20555.4,30020.6,1456.2,17421.6,9829.9,5909.6,3184.9,33424.1,861.5,25803.7,19351.1,1451.2,14286.4,12594.4,7671.5,28672.7,11405.9,22738.5,7093.1,25295.9,22561.5,6786.0,0.0
